filename,class,split,group_id
WhatsApp Video 2026-09-09 at 10.21.38 PM (1).mp4,accident,train,independent
WhatsApp Video 2026-09-08 at 3.17.10 PM.mp4,accident,train,independent
WhatsApp Video 2026-09-09 at 10.08.47 PM (1).mp4,accident,train,independent
WhatsApp Video 2026-09-09 at 10.08.48 PM (1).mp4,accident,train,independent
WhatsApp Video 2026-09-08 at 3.22.40 PM (2).mp4,accident,train,independent
WhatsApp Video 2026-09-08 at 3.17.09 PM (2).mp4,accident,train,independent
WhatsApp Video 2026-09-09 at 10.08.48 PM (2).mp4,accident,train,independent
WhatsApp Video 2026-09-08 at 3.17.07 PM.mp4,accident,train,independent
WhatsApp Video 2026-09-09 at 10.21.40 PM (2).mp4,accident,train,independent
WhatsApp Video 2026-09-08 at 3.22.39 PM.mp4,accident,train,independent
WhatsApp Video 2026-09-09 at 9.59.45 PM.mp4,accident,train,independent
WhatsApp Video 2026-09-09 at 10.08.47 PM (2).mp4,accident,train,independent
WhatsApp Video 2026-09-08 at 3.22.41 PM.mp4,accident,train,independent
WhatsApp Video 2026-09-09 at 10.21.43 PM.mp4,accident,train,independent
WhatsApp Video 2026-09-08 at 3.22.37 PM (1).mp4,accident,train,independent
WhatsApp Video 2026-09-09 at 10.21.41 PM (3).mp4,accident,train,independent
WhatsApp Video 2026-09-09 at 10.20.34 PM.mp4,accident,train,independent
WhatsApp Video 2026-09-08 at 3.33.42 PM.mp4,accident,train,independent
WhatsApp Video 2026-09-09 at 10.21.39 PM (1).mp4,accident,train,independent
WhatsApp Video 2026-09-08 at 3.22.40 PM.mp4,accident,train,independent
WhatsApp Video 2026-09-08 at 3.17.04 PM.mp4,accident,train,independent
WhatsApp Video 2026-09-09 at 9.59.58 PM.mp4,accident,train,independent
WhatsApp Video 2026-09-09 at 10.20.31 PM.mp4,accident,train,independent
WhatsApp Video 2026-09-08 at 3.22.42 PM.mp4,accident,train,independent
WhatsApp Video 2026-09-08 at 3.17.11 PM.mp4,accident,train,independent
WhatsApp Video 2026-09-09 at 10.21.42 PM (2).mp4,accident,train,independent
WhatsApp Video 2026-09-08 at 3.17.12 PM.mp4,accident,train,independent
WhatsApp Video 2026-09-08 at 3.22.35 PM.mp4,accident,train,independent
WhatsApp Video 2026-09-09 at 10.21.38 PM.mp4,accident,train,independent
WhatsApp Video 2026-09-09 at 10.21.40 PM (1).mp4,accident,train,independent
WhatsApp Video 2026-09-09 at 10.08.46 PM (1).mp4,accident,train,independent
WhatsApp Video 2026-09-09 at 10.21.39 PM.mp4,accident,train,independent
WhatsApp Video 2026-09-08 at 3.23.07 PM.mp4,accident,train,independent
WhatsApp Video 2026-09-08 at 3.17.07 PM (2).mp4,accident,train,independent
WhatsApp Video 2026-09-09 at 10.21.41 PM.mp4,accident,train,independent
WhatsApp Video 2026-09-08 at 3.17.05 PM.mp4,accident,train,independent
WhatsApp Video 2026-09-08 at 3.17.11 PM (1).mp4,accident,train,independent
WhatsApp Video 2026-09-08 at 3.22.42 PM (2).mp4,accident,train,independent
WhatsApp Video 2026-09-08 at 3.22.36 PM (2).mp4,accident,train,independent
WhatsApp Video 2026-09-08 at 3.33.42 PM (1).mp4,accident,train,independent
WhatsApp Video 2026-09-08 at 3.22.37 PM (2).mp4,accident,train,independent
WhatsApp Video 2026-09-08 at 3.17.06 PM.mp4,accident,train,independent
WhatsApp Video 2026-09-08 at 3.17.07 PM (1).mp4,accident,train,independent
WhatsApp Video 2026-09-09 at 10.08.46 PM (2).mp4,accident,train,independent
WhatsApp Video 2026-09-09 at 9.29.42 PM (1).mp4,accident,train,independent
WhatsApp Video 2026-09-08 at 3.17.08 PM (1).mp4,accident,train,independent
WhatsApp Video 2026-09-09 at 9.29.20 PM.mp4,accident,train,independent
WhatsApp Video 2026-09-08 at 3.22.36 PM (1).mp4,accident,train,independent
WhatsApp Video 2026-09-09 at 10.21.42 PM (1).mp4,accident,train,independent
WhatsApp Video 2026-09-09 at 10.21.39 PM (2).mp4,accident,train,independent
WhatsApp Video 2026-09-08 at 3.17.08 PM.mp4,accident,train,independent
WhatsApp Video 2026-09-09 at 10.08.46 PM.mp4,accident,train,independent
WhatsApp Video 2026-09-08 at 3.22.36 PM.mp4,accident,train,2
WhatsApp Video 2026-09-09 at 10.21.43 PM (2).mp4,accident,train,2
WhatsApp Video 2026-09-09 at 10.08.47 PM.mp4,accident,train,independent
WhatsApp Video 2026-09-09 at 9.29.42 PM (2).mp4,accident,train,independent
WhatsApp Video 2026-09-08 at 3.22.42 PM (1).mp4,accident,train,independent
WhatsApp Video 2026-09-09 at 9.59.42 PM.mp4,accident,train,independent
WhatsApp Video 2026-09-09 at 9.59.59 PM (2).mp4,accident,validation,independent
WhatsApp Video 2026-09-08 at 3.22.38 PM (1).mp4,accident,validation,independent
WhatsApp Video 2026-09-08 at 3.22.41 PM (1).mp4,accident,validation,independent
WhatsApp Video 2026-09-09 at 10.07.43 PM.mp4,accident,validation,independent
WhatsApp Video 2026-09-08 at 3.33.40 PM.mp4,accident,validation,independent
WhatsApp Video 2026-09-09 at 10.07.47 PM.mp4,accident,validation,independent
WhatsApp Video 2026-09-08 at 3.22.37 PM.mp4,accident,validation,independent
WhatsApp Video 2026-09-09 at 9.29.41 PM.mp4,accident,validation,independent
WhatsApp Video 2026-09-09 at 10.21.41 PM (1).mp4,accident,validation,independent
WhatsApp Video 2026-09-08 at 3.22.39 PM (1).mp4,accident,validation,independent
WhatsApp Video 2026-09-08 at 3.22.38 PM (2).mp4,accident,validation,independent
WhatsApp Video 2026-09-09 at 9.29.25 PM.mp4,accident,validation,independent
WhatsApp Video 2026-09-09 at 9.59.59 PM (1).mp4,accident,test,independent
WhatsApp Video 2026-09-08 at 3.17.06 PM (2).mp4,accident,test,independent
WhatsApp Video 2026-09-09 at 10.08.48 PM.mp4,accident,test,independent
WhatsApp Video 2026-09-08 at 3.17.09 PM (1).mp4,accident,test,independent
WhatsApp Video 2026-09-09 at 10.21.42 PM.mp4,accident,test,independent
WhatsApp Video 2026-09-08 at 3.17.09 PM.mp4,accident,test,independent
WhatsApp Video 2026-09-08 at 3.17.11 PM (2).mp4,accident,test,independent
WhatsApp Video 2026-09-08 at 3.22.38 PM.mp4,accident,test,independent
WhatsApp Video 2026-09-08 at 3.22.40 PM (1).mp4,accident,test,independent
WhatsApp Video 2026-09-08 at 3.22.41 PM (2).mp4,accident,test,independent
WhatsApp Video 2026-09-08 at 3.17.06 PM (1).mp4,accident,test,independent
WhatsApp Video 2026-09-08 at 3.17.10 PM (1).mp4,accident,test,independent
WhatsApp Video 2026-09-09 at 9.59.59 PM.mp4,accident,test,independent
WhatsApp Video 2026-09-09 at 11.20.26 AM.mp4,normal,train,independent
WhatsApp Video 2026-09-09 at 11.23.17 AM.mp4,normal,train,independent
WhatsApp Video 2026-09-08 at 9.35.21 PM (1).mp4,normal,train,8
WhatsApp Video 2026-09-08 at 9.36.31 PM.mp4,normal,train,8
WhatsApp Video 2026-09-08 at 3.34.58 PM.mp4,normal,train,independent
WhatsApp Video 2026-09-09 at 11.20.57 AM.mp4,normal,train,independent
WhatsApp Video 2026-09-08 at 9.35.16 PM.mp4,normal,train,independent
WhatsApp Video 2026-09-09 at 11.23.00 AM.mp4,normal,train,7
WhatsApp Video 2026-09-09 at 11.23.03 AM.mp4,normal,train,7
WhatsApp Video 2026-09-09 at 11.21.01 AM.mp4,normal,train,independent
WhatsApp Video 2026-09-09 at 11.23.22 AM.mp4,normal,train,independent
WhatsApp Video 2026-09-08 at 3.35.00 PM (2).mp4,normal,train,1
WhatsApp Video 2026-09-08 at 3.35.00 PM.mp4,normal,train,1
WhatsApp Video 2026-09-09 at 11.20.42 AM.mp4,normal,train,3
WhatsApp Video 2026-09-09 at 11.21.04 AM.mp4,normal,train,3
WhatsApp Video 2026-09-09 at 11.20.23 AM.mp4,normal,train,independent
WhatsApp Video 2026-09-09 at 11.19.53 AM.mp4,normal,train,independent
WhatsApp Video 2026-09-09 at 11.22.06 AM.mp4,normal,train,independent
WhatsApp Video 2026-09-09 at 11.22.44 AM.mp4,normal,train,independent
WhatsApp Video 2026-09-08 at 3.35.00 PM (1).mp4,normal,train,independent
WhatsApp Video 2026-09-09 at 11.21.07 AM.mp4,normal,train,independent
WhatsApp Video 2026-09-09 at 11.21.16 AM.mp4,normal,train,independent
WhatsApp Video 2026-09-09 at 11.19.48 AM.mp4,normal,train,independent
WhatsApp Video 2026-09-09 at 11.23.30 AM.mp4,normal,train,independent
WhatsApp Video 2026-09-09 at 11.20.18 AM.mp4,normal,train,independent
WhatsApp Video 2026-09-09 at 11.22.28 AM.mp4,normal,train,independent
WhatsApp Video 2026-09-09 at 11.22.04 AM.mp4,normal,train,9
WhatsApp Video 2026-09-09 at 11.22.12 AM.mp4,normal,train,9
WhatsApp Video 2026-09-09 at 11.21.59 AM.mp4,normal,train,independent
WhatsApp Video 2026-09-08 at 3.34.58 PM (2).mp4,normal,train,independent
WhatsApp Video 2026-09-09 at 11.23.31 AM.mp4,normal,train,independent
WhatsApp Video 2026-09-09 at 11.22.08 AM.mp4,normal,train,independent
WhatsApp Video 2026-09-09 at 11.21.13 AM.mp4,normal,train,independent
WhatsApp Video 2026-09-08 at 3.40.29 PM.mp4,normal,train,independent
WhatsApp Video 2026-09-09 at 11.23.30 AM (1).mp4,normal,train,independent
WhatsApp Video 2026-09-09 at 11.21.22 AM.mp4,normal,train,independent
WhatsApp Video 2026-09-09 at 11.21.32 AM.mp4,normal,train,independent
WhatsApp Video 2026-09-09 at 11.22.00 AM.mp4,normal,train,independent
WhatsApp Video 2026-09-08 at 3.45.17 PM.mp4,normal,train,independent
WhatsApp Video 2026-09-08 at 3.43.48 PM.mp4,normal,train,6
WhatsApp Video 2026-09-09 at 11.20.02 AM.mp4,normal,train,6
WhatsApp Video 2026-09-09 at 11.20.16 AM.mp4,normal,train,6
WhatsApp Video 2026-09-09 at 11.22.48 AM.mp4,normal,train,independent
WhatsApp Video 2026-09-09 at 11.20.50 AM.mp4,normal,train,independent
WhatsApp Video 2026-09-09 at 11.22.17 AM.mp4,normal,validation,independent
WhatsApp Video 2026-09-09 at 11.19.58 AM.mp4,normal,validation,4
WhatsApp Video 2026-09-09 at 11.20.11 AM.mp4,normal,validation,4
WhatsApp Video 2026-09-09 at 11.20.36 AM.mp4,normal,validation,4
WhatsApp Video 2026-09-09 at 11.23.28 AM.mp4,normal,validation,4
WhatsApp Video 2026-09-09 at 11.22.18 AM.mp4,normal,validation,independent
WhatsApp Video 2026-09-08 at 9.34.35 PM.mp4,normal,validation,5
WhatsApp Video 2026-09-08 at 9.36.39 PM.mp4,normal,validation,5
WhatsApp Video 2026-09-09 at 11.20.08 AM.mp4,normal,validation,independent
WhatsApp Video 2026-09-08 at 9.33.51 PM.mp4,normal,test,independent
WhatsApp Video 2026-09-09 at 11.21.43 AM.mp4,normal,test,independent
WhatsApp Video 2026-09-09 at 11.22.13 AM.mp4,normal,test,independent
WhatsApp Video 2026-09-08 at 9.36.59 PM.mp4,normal,test,independent
WhatsApp Video 2026-09-09 at 11.20.31 AM.mp4,normal,test,independent
WhatsApp Video 2026-09-09 at 11.21.10 AM.mp4,normal,test,independent
WhatsApp Video 2026-09-08 at 3.34.59 PM (1).mp4,normal,test,independent
WhatsApp Video 2026-09-08 at 9.35.07 PM.mp4,normal,test,independent
WhatsApp Video 2026-09-09 at 11.23.12 AM.mp4,normal,test,independent
WhatsApp Video 2026-09-09 at 11.21.33 AM.mp4,normal,test,independent
