group_id,filename
1,WhatsApp Video 2026-09-08 at 3.35.00 PM (2).mp4
1,WhatsApp Video 2026-09-08 at 3.35.00 PM.mp4
2,WhatsApp Video 2026-09-08 at 3.22.36 PM.mp4
2,WhatsApp Video 2026-09-09 at 10.21.43 PM (2).mp4
3,WhatsApp Video 2026-09-09 at 11.20.42 AM.mp4
3,WhatsApp Video 2026-09-09 at 11.21.04 AM.mp4
4,WhatsApp Video 2026-09-09 at 11.19.58 AM.mp4
4,WhatsApp Video 2026-09-09 at 11.20.11 AM.mp4
4,WhatsApp Video 2026-09-09 at 11.20.36 AM.mp4
4,WhatsApp Video 2026-09-09 at 11.23.28 AM.mp4
5,WhatsApp Video 2026-09-08 at 9.34.35 PM.mp4
5,WhatsApp Video 2026-09-08 at 9.36.39 PM.mp4
6,WhatsApp Video 2026-09-08 at 3.43.48 PM.mp4
6,WhatsApp Video 2026-09-09 at 11.20.02 AM.mp4
6,WhatsApp Video 2026-09-09 at 11.20.16 AM.mp4
7,WhatsApp Video 2026-09-09 at 11.23.00 AM.mp4
7,WhatsApp Video 2026-09-09 at 11.23.03 AM.mp4
8,WhatsApp Video 2026-09-08 at 9.35.21 PM (1).mp4
8,WhatsApp Video 2026-09-08 at 9.36.31 PM.mp4
9,WhatsApp Video 2026-09-09 at 11.22.04 AM.mp4
9,WhatsApp Video 2026-09-09 at 11.22.12 AM.mp4
