class,filename,path,status,fps,frames,width,height,duration_seconds,sha256
accident,WhatsApp Video 2026-09-08 at 3.17.04 PM.mp4,C:\Users\Hamsaveni A R\Desktop\ADP stage 2\dataset\accident\WhatsApp Video 2026-09-08 at 3.17.04 PM.mp4,OK,30.0,222,848,480,7.4,6918ee016710797407a8c7cdfb66c73f6b978ff3e01ce0ef0e1429060562d91a
accident,WhatsApp Video 2026-09-08 at 3.17.05 PM.mp4,C:\Users\Hamsaveni A R\Desktop\ADP stage 2\dataset\accident\WhatsApp Video 2026-09-08 at 3.17.05 PM.mp4,OK,29.97,150,848,480,5.0,0aa9c74392a34194bfb40058f059d50c77380d5fd7c8c890e8ac4336404ccf32
accident,WhatsApp Video 2026-09-08 at 3.17.06 PM (1).mp4,C:\Users\Hamsaveni A R\Desktop\ADP stage 2\dataset\accident\WhatsApp Video 2026-09-08 at 3.17.06 PM (1).mp4,OK,30.0,125,848,480,4.17,65b3f8f9f872dd3f95b34cb422fa86a514867a8aa9f9d35c21bd54e0c62d344e
accident,WhatsApp Video 2026-09-08 at 3.17.06 PM (2).mp4,C:\Users\Hamsaveni A R\Desktop\ADP stage 2\dataset\accident\WhatsApp Video 2026-09-08 at 3.17.06 PM (2).mp4,OK,30.0,183,848,480,6.1,1f908debe70a2a4b1f2cd76a3a6f64ac755e617a458bf53442f5fa41feca936d
accident,WhatsApp Video 2026-09-08 at 3.17.06 PM.mp4,C:\Users\Hamsaveni A R\Desktop\ADP stage 2\dataset\accident\WhatsApp Video 2026-09-08 at 3.17.06 PM.mp4,OK,29.97,150,848,480,5.0,e415e1c8487dddc15c6365c4091b76084adf61b9c80cb85286e18319506f847b
accident,WhatsApp Video 2026-09-08 at 3.17.07 PM (1).mp4,C:\Users\Hamsaveni A R\Desktop\ADP stage 2\dataset\accident\WhatsApp Video 2026-09-08 at 3.17.07 PM (1).mp4,OK,29.97,157,848,480,5.24,d858e5cb7b508c7326b9957defc2475ab491c295f7dd696e95dc410433c72345
accident,WhatsApp Video 2026-09-08 at 3.17.07 PM (2).mp4,C:\Users\Hamsaveni A R\Desktop\ADP stage 2\dataset\accident\WhatsApp Video 2026-09-08 at 3.17.07 PM (2).mp4,OK,30.0,170,848,480,5.67,506a98f554683101eca9d5b174afe307153d45e7ce3e0798a09b04df54bb6638
accident,WhatsApp Video 2026-09-08 at 3.17.07 PM.mp4,C:\Users\Hamsaveni A R\Desktop\ADP stage 2\dataset\accident\WhatsApp Video 2026-09-08 at 3.17.07 PM.mp4,OK,30.0,202,848,480,6.73,44dae06de77e8b24d22f612b0c6c4ee5707728f505d7811de2ea11403d809023
accident,WhatsApp Video 2026-09-08 at 3.17.08 PM (1).mp4,C:\Users\Hamsaveni A R\Desktop\ADP stage 2\dataset\accident\WhatsApp Video 2026-09-08 at 3.17.08 PM (1).mp4,OK,30.0,156,848,480,5.2,06aeb5bc8dca0762d3eeb58fa2f2fd7e30374a71143685c3a7a0dd5e827bf0f5
accident,WhatsApp Video 2026-09-08 at 3.17.08 PM.mp4,C:\Users\Hamsaveni A R\Desktop\ADP stage 2\dataset\accident\WhatsApp Video 2026-09-08 at 3.17.08 PM.mp4,OK,25.0,85,848,480,3.4,44b8ff3150003f264ac43b17187872ded1385d1545a30459ce25566f56934f8a
accident,WhatsApp Video 2026-09-08 at 3.17.09 PM (1).mp4,C:\Users\Hamsaveni A R\Desktop\ADP stage 2\dataset\accident\WhatsApp Video 2026-09-08 at 3.17.09 PM (1).mp4,OK,14.86,78,848,576,5.25,b9525aaa1c17887ae3b0da5a874b3b51b71910d2c08fa2ec8ac35b7981f2a7f1
accident,WhatsApp Video 2026-09-08 at 3.17.09 PM (2).mp4,C:\Users\Hamsaveni A R\Desktop\ADP stage 2\dataset\accident\WhatsApp Video 2026-09-08 at 3.17.09 PM (2).mp4,OK,15.03,72,496,368,4.79,5cac567ffcf4bcebe79ac025a88ea445010f5295628f717c9e76eb2f32560c6b
accident,WhatsApp Video 2026-09-08 at 3.17.09 PM.mp4,C:\Users\Hamsaveni A R\Desktop\ADP stage 2\dataset\accident\WhatsApp Video 2026-09-08 at 3.17.09 PM.mp4,OK,15.17,79,848,480,5.21,f515d34f7e496446f41a64fcafd58f1162c56c413c86109c8a7ec65227c8dfd3
accident,WhatsApp Video 2026-09-08 at 3.17.10 PM (1).mp4,C:\Users\Hamsaveni A R\Desktop\ADP stage 2\dataset\accident\WhatsApp Video 2026-09-08 at 3.17.10 PM (1).mp4,OK,30.0,156,848,480,5.2,edd8941b128839a8eef8636564f4e61b62d512c06fa805ad342a50d9cf6698ac
accident,WhatsApp Video 2026-09-08 at 3.17.10 PM.mp4,C:\Users\Hamsaveni A R\Desktop\ADP stage 2\dataset\accident\WhatsApp Video 2026-09-08 at 3.17.10 PM.mp4,OK,30.0,125,848,480,4.17,f659d8112ac6d48bbd8751146df8ce87a9b4f0518e49ac23958fe68765e9957e
accident,WhatsApp Video 2026-09-08 at 3.17.11 PM (1).mp4,C:\Users\Hamsaveni A R\Desktop\ADP stage 2\dataset\accident\WhatsApp Video 2026-09-08 at 3.17.11 PM (1).mp4,OK,25.0,110,848,480,4.4,7e1162ae52584fbcf57baaee477b3a218c24103246731f2455f91710c2faf4cd
accident,WhatsApp Video 2026-09-08 at 3.17.11 PM (2).mp4,C:\Users\Hamsaveni A R\Desktop\ADP stage 2\dataset\accident\WhatsApp Video 2026-09-08 at 3.17.11 PM (2).mp4,OK,29.97,153,848,480,5.11,ee638550f5ca931628e2d9b2370fd61b326558853b76221377e6ef39aeabfce8
accident,WhatsApp Video 2026-09-08 at 3.17.11 PM.mp4,C:\Users\Hamsaveni A R\Desktop\ADP stage 2\dataset\accident\WhatsApp Video 2026-09-08 at 3.17.11 PM.mp4,OK,30.0,156,848,480,5.2,ba0b33833e108e827f848ffd2b074f3666b8055d82a79c47ec3ed55443675e94
accident,WhatsApp Video 2026-09-08 at 3.17.12 PM (1).mp4,C:\Users\Hamsaveni A R\Desktop\ADP stage 2\dataset\accident\WhatsApp Video 2026-09-08 at 3.17.12 PM (1).mp4,OK,30.0,156,848,480,5.2,06aeb5bc8dca0762d3eeb58fa2f2fd7e30374a71143685c3a7a0dd5e827bf0f5
accident,WhatsApp Video 2026-09-08 at 3.17.12 PM.mp4,C:\Users\Hamsaveni A R\Desktop\ADP stage 2\dataset\accident\WhatsApp Video 2026-09-08 at 3.17.12 PM.mp4,OK,30.0,170,848,480,5.67,d311695dada745d7d9016e653aab390f0d784259cc5831eda463f35657eeae50
accident,WhatsApp Video 2026-09-08 at 3.22.35 PM.mp4,C:\Users\Hamsaveni A R\Desktop\ADP stage 2\dataset\accident\WhatsApp Video 2026-09-08 at 3.22.35 PM.mp4,OK,30.0,222,848,480,7.4,9692d70225f5c65aeeb20774a2b52782f8d9888b4ca8bb93d1a7605ecef09e9e
accident,WhatsApp Video 2026-09-08 at 3.22.36 PM (1).mp4,C:\Users\Hamsaveni A R\Desktop\ADP stage 2\dataset\accident\WhatsApp Video 2026-09-08 at 3.22.36 PM (1).mp4,OK,25.0,124,848,480,4.96,3e2c8cbe7fb6c8eb03ec56aecbcd9eb5507cab1f42a8ef687e8a4a6dd3d76121
accident,WhatsApp Video 2026-09-08 at 3.22.36 PM (2).mp4,C:\Users\Hamsaveni A R\Desktop\ADP stage 2\dataset\accident\WhatsApp Video 2026-09-08 at 3.22.36 PM (2).mp4,OK,25.0,105,848,480,4.2,a9ba102bf42936400720a66e2896a9f75bcc316d05835c4ed2f8851e9ab16b2b
accident,WhatsApp Video 2026-09-08 at 3.22.36 PM.mp4,C:\Users\Hamsaveni A R\Desktop\ADP stage 2\dataset\accident\WhatsApp Video 2026-09-08 at 3.22.36 PM.mp4,OK,30.0,90,848,480,3.0,fe36dc56dc1fa920b67701839b77e45fc80388aa21534fb692715bcc05db8a88
accident,WhatsApp Video 2026-09-08 at 3.22.37 PM (1).mp4,C:\Users\Hamsaveni A R\Desktop\ADP stage 2\dataset\accident\WhatsApp Video 2026-09-08 at 3.22.37 PM (1).mp4,OK,30.0,258,640,368,8.6,7af53b81bf75e2c32791e72c4eebfc2c76cfdd624eeca9e7b089f2e911b05ab4
accident,WhatsApp Video 2026-09-08 at 3.22.37 PM (2).mp4,C:\Users\Hamsaveni A R\Desktop\ADP stage 2\dataset\accident\WhatsApp Video 2026-09-08 at 3.22.37 PM (2).mp4,OK,25.0,148,848,480,5.92,fe1eba49201b20c4c178ae1e2d2231021fc7df3e1c50a3aac9dd98cb053c1b06
accident,WhatsApp Video 2026-09-08 at 3.22.37 PM.mp4,C:\Users\Hamsaveni A R\Desktop\ADP stage 2\dataset\accident\WhatsApp Video 2026-09-08 at 3.22.37 PM.mp4,OK,30.0,258,640,368,8.6,1c09111f8b0deb55b5eb1ce35fc36d41170dcb9a347ee99c23321ab06a7beb53
accident,WhatsApp Video 2026-09-08 at 3.22.38 PM (1).mp4,C:\Users\Hamsaveni A R\Desktop\ADP stage 2\dataset\accident\WhatsApp Video 2026-09-08 at 3.22.38 PM (1).mp4,OK,25.0,198,848,480,7.92,8dd6d67005f1af1184e7fd3e9fe690abece0bec3ed6a007dcef80127696fd04b
accident,WhatsApp Video 2026-09-08 at 3.22.38 PM (2).mp4,C:\Users\Hamsaveni A R\Desktop\ADP stage 2\dataset\accident\WhatsApp Video 2026-09-08 at 3.22.38 PM (2).mp4,OK,30.0,276,848,480,9.2,fbe46db2372e06d6138bcc51d5ec88d6896538b1daa00d7518f661d21db3dcd2
accident,WhatsApp Video 2026-09-08 at 3.22.38 PM.mp4,C:\Users\Hamsaveni A R\Desktop\ADP stage 2\dataset\accident\WhatsApp Video 2026-09-08 at 3.22.38 PM.mp4,OK,30.0,190,848,480,6.33,0edaaed43d632f7533fa2ce3fc19c641427560605293fbe969b1f941a201f5aa
accident,WhatsApp Video 2026-09-08 at 3.22.39 PM (1).mp4,C:\Users\Hamsaveni A R\Desktop\ADP stage 2\dataset\accident\WhatsApp Video 2026-09-08 at 3.22.39 PM (1).mp4,OK,30.0,449,848,480,14.97,be762ea32715ab2df03fe9d567d91633e308a46113568b28cc61522c824a0959
accident,WhatsApp Video 2026-09-08 at 3.22.39 PM.mp4,C:\Users\Hamsaveni A R\Desktop\ADP stage 2\dataset\accident\WhatsApp Video 2026-09-08 at 3.22.39 PM.mp4,OK,30.0,126,848,480,4.2,920a20db6e78e3ffa1cbeef9128ef0d5fdf72918b35fdb0459408ccb836fbaba
accident,WhatsApp Video 2026-09-08 at 3.22.40 PM (1).mp4,C:\Users\Hamsaveni A R\Desktop\ADP stage 2\dataset\accident\WhatsApp Video 2026-09-08 at 3.22.40 PM (1).mp4,OK,30.0,128,848,480,4.27,5755961363d75647441a7f9052f00b9fae28e0ba12e36b6342e18d457eac0bf0
accident,WhatsApp Video 2026-09-08 at 3.22.40 PM (2).mp4,C:\Users\Hamsaveni A R\Desktop\ADP stage 2\dataset\accident\WhatsApp Video 2026-09-08 at 3.22.40 PM (2).mp4,OK,30.0,170,848,480,5.67,a7810b2e5b629642ee354921075c7f6257615465168ae757ef341e89348eb3f8
accident,WhatsApp Video 2026-09-08 at 3.22.40 PM.mp4,C:\Users\Hamsaveni A R\Desktop\ADP stage 2\dataset\accident\WhatsApp Video 2026-09-08 at 3.22.40 PM.mp4,OK,30.0,240,848,480,8.0,f6281b08f2d08fb7632cb755b893cd095f5d6691ccfdaf07e4613f1e6e0549c3
accident,WhatsApp Video 2026-09-08 at 3.22.41 PM (1).mp4,C:\Users\Hamsaveni A R\Desktop\ADP stage 2\dataset\accident\WhatsApp Video 2026-09-08 at 3.22.41 PM (1).mp4,OK,29.97,213,848,480,7.11,ca9cf29f5d75f1cf4fda4bf3b5d13c3ed6c50d502950f6afce174e8adf330339
accident,WhatsApp Video 2026-09-08 at 3.22.41 PM (2).mp4,C:\Users\Hamsaveni A R\Desktop\ADP stage 2\dataset\accident\WhatsApp Video 2026-09-08 at 3.22.41 PM (2).mp4,OK,30.0,245,848,480,8.17,a1d777788596da204f066fb94ebdf73e69eda2d1276f23d709a0e93971e765d5
accident,WhatsApp Video 2026-09-08 at 3.22.41 PM.mp4,C:\Users\Hamsaveni A R\Desktop\ADP stage 2\dataset\accident\WhatsApp Video 2026-09-08 at 3.22.41 PM.mp4,OK,30.0,202,848,480,6.73,8024e637d76affa54c5a2d40a1aa041c259c77d2b1b314fa9320b381c93db9d2
accident,WhatsApp Video 2026-09-08 at 3.22.42 PM (1).mp4,C:\Users\Hamsaveni A R\Desktop\ADP stage 2\dataset\accident\WhatsApp Video 2026-09-08 at 3.22.42 PM (1).mp4,OK,30.0,222,848,480,7.4,8a9c1f444327f9b6faf1798f845c725583226baeead5e9b6a38b2730a35fafcf
accident,WhatsApp Video 2026-09-08 at 3.22.42 PM (2).mp4,C:\Users\Hamsaveni A R\Desktop\ADP stage 2\dataset\accident\WhatsApp Video 2026-09-08 at 3.22.42 PM (2).mp4,OK,30.0,295,848,480,9.83,1ad9211ce17eb1b34e8c592bb415953c81e591cfe4d0ecc264fe42632e9fcc1b
accident,WhatsApp Video 2026-09-08 at 3.22.42 PM.mp4,C:\Users\Hamsaveni A R\Desktop\ADP stage 2\dataset\accident\WhatsApp Video 2026-09-08 at 3.22.42 PM.mp4,OK,29.76,209,848,480,7.02,d71171aedb45c8d2eeb337420c0878ac1dd9515afea9464cfcdbfdbf57933d92
accident,WhatsApp Video 2026-09-08 at 3.23.07 PM.mp4,C:\Users\Hamsaveni A R\Desktop\ADP stage 2\dataset\accident\WhatsApp Video 2026-09-08 at 3.23.07 PM.mp4,OK,15.0,89,496,368,5.93,c9917f3450a08c1a8c06db4a358635dab8205e8cafa30d4871ad4a01bb554e37
accident,WhatsApp Video 2026-09-08 at 3.33.40 PM.mp4,C:\Users\Hamsaveni A R\Desktop\ADP stage 2\dataset\accident\WhatsApp Video 2026-09-08 at 3.33.40 PM.mp4,OK,12.0,93,496,368,7.75,04dbf6f2ffa72a0e38222b889ea5cbd99e657f95c2aadf14121d04c279b751e0
accident,WhatsApp Video 2026-09-08 at 3.33.42 PM (1).mp4,C:\Users\Hamsaveni A R\Desktop\ADP stage 2\dataset\accident\WhatsApp Video 2026-09-08 at 3.33.42 PM (1).mp4,OK,29.93,899,1080,720,30.03,4de9a0568633f21c694e19830f1f8c65966ea6f0caad056255f1da34c91418d9
accident,WhatsApp Video 2026-09-08 at 3.33.42 PM.mp4,C:\Users\Hamsaveni A R\Desktop\ADP stage 2\dataset\accident\WhatsApp Video 2026-09-08 at 3.33.42 PM.mp4,OK,14.9,78,848,480,5.23,bba3a0c8c6991e0e0e733288559de9f163e951c995b5a928be178efddc3b44e4
accident,WhatsApp Video 2026-09-09 at 10.07.43 PM.mp4,C:\Users\Hamsaveni A R\Desktop\ADP stage 2\dataset\accident\WhatsApp Video 2026-09-09 at 10.07.43 PM.mp4,OK,25.0,220,848,480,8.8,ffd012a16ea0538086738135dc02a7dfedaf3ff2186e5d3802ab1f88b46f8086
accident,WhatsApp Video 2026-09-09 at 10.07.47 PM.mp4,C:\Users\Hamsaveni A R\Desktop\ADP stage 2\dataset\accident\WhatsApp Video 2026-09-09 at 10.07.47 PM.mp4,OK,25.0,220,848,480,8.8,6b17cb52c31255516f964e325da7073dfeec129d1470830445bf9beafcdb8a5b
accident,WhatsApp Video 2026-09-09 at 10.08.46 PM (1).mp4,C:\Users\Hamsaveni A R\Desktop\ADP stage 2\dataset\accident\WhatsApp Video 2026-09-09 at 10.08.46 PM (1).mp4,OK,30.0,213,848,480,7.1,8e702fb87128bb33bc147a28da9743ee8c694ce63cd086e335c9c8c04a768680
accident,WhatsApp Video 2026-09-09 at 10.08.46 PM (2).mp4,C:\Users\Hamsaveni A R\Desktop\ADP stage 2\dataset\accident\WhatsApp Video 2026-09-09 at 10.08.46 PM (2).mp4,OK,30.0,150,848,480,5.0,a0299fb675faef7d31546f3a9b4538b2b696ceb60f83796cac05da368962264a
accident,WhatsApp Video 2026-09-09 at 10.08.46 PM.mp4,C:\Users\Hamsaveni A R\Desktop\ADP stage 2\dataset\accident\WhatsApp Video 2026-09-09 at 10.08.46 PM.mp4,OK,30.0,157,848,480,5.23,b5f600639fa0cc2d1c0fcac76e4da6cd326b7b2c028d7845a9eb38abbd7b2734
accident,WhatsApp Video 2026-09-09 at 10.08.47 PM (1).mp4,C:\Users\Hamsaveni A R\Desktop\ADP stage 2\dataset\accident\WhatsApp Video 2026-09-09 at 10.08.47 PM (1).mp4,OK,29.97,127,848,480,4.24,49be889289ab1d0adb600a764417cc44c57d338820b6a76aa49a3342f0fc5932
accident,WhatsApp Video 2026-09-09 at 10.08.47 PM (2).mp4,C:\Users\Hamsaveni A R\Desktop\ADP stage 2\dataset\accident\WhatsApp Video 2026-09-09 at 10.08.47 PM (2).mp4,OK,29.97,93,848,480,3.1,7cb8a670c5045523f1fb7275964ecb7f75da7b67d1fb7cb95b7e0d3662edb662
accident,WhatsApp Video 2026-09-09 at 10.08.47 PM.mp4,C:\Users\Hamsaveni A R\Desktop\ADP stage 2\dataset\accident\WhatsApp Video 2026-09-09 at 10.08.47 PM.mp4,OK,30.0,149,848,480,4.97,0d0118f993efbb32b4980fe6f712f9e3576ad292b17dd87e87a76d078d70ca20
accident,WhatsApp Video 2026-09-09 at 10.08.48 PM (1).mp4,C:\Users\Hamsaveni A R\Desktop\ADP stage 2\dataset\accident\WhatsApp Video 2026-09-09 at 10.08.48 PM (1).mp4,OK,23.97,97,848,480,4.05,748816e598035707023bc4f5599822ee3dae824429980d8116d3e71e4ba81f7f
accident,WhatsApp Video 2026-09-09 at 10.08.48 PM (2).mp4,C:\Users\Hamsaveni A R\Desktop\ADP stage 2\dataset\accident\WhatsApp Video 2026-09-09 at 10.08.48 PM (2).mp4,OK,29.97,157,848,480,5.24,f41dae8742caf3b677fe92c9636f82ff7973502f3bc3e9fa950560d6b93a0762
accident,WhatsApp Video 2026-09-09 at 10.08.48 PM.mp4,C:\Users\Hamsaveni A R\Desktop\ADP stage 2\dataset\accident\WhatsApp Video 2026-09-09 at 10.08.48 PM.mp4,OK,30.0,175,848,480,5.83,229a783a57faa20edf8c1f70b0ce36c32d9edb9545f66a370ec2af71f5f6be71
accident,WhatsApp Video 2026-09-09 at 10.20.31 PM.mp4,C:\Users\Hamsaveni A R\Desktop\ADP stage 2\dataset\accident\WhatsApp Video 2026-09-09 at 10.20.31 PM.mp4,OK,30.0,218,848,480,7.27,60a35c6d1ce219b692d805578234838db5b7f8bbd6c1b578c9b0f2ed9aa06b98
accident,WhatsApp Video 2026-09-09 at 10.20.34 PM.mp4,C:\Users\Hamsaveni A R\Desktop\ADP stage 2\dataset\accident\WhatsApp Video 2026-09-09 at 10.20.34 PM.mp4,OK,29.97,183,848,480,6.11,6a7a651e826faf925e33393e319a138ac68489fb43c96e718f339ccc4465867e
accident,WhatsApp Video 2026-09-09 at 10.21.38 PM (1).mp4,C:\Users\Hamsaveni A R\Desktop\ADP stage 2\dataset\accident\WhatsApp Video 2026-09-09 at 10.21.38 PM (1).mp4,OK,30.0,235,848,480,7.83,fa090a7f5a98b308e145e5c98daa0540baea844a1665e33152184bb32c992fc4
accident,WhatsApp Video 2026-09-09 at 10.21.38 PM.mp4,C:\Users\Hamsaveni A R\Desktop\ADP stage 2\dataset\accident\WhatsApp Video 2026-09-09 at 10.21.38 PM.mp4,OK,30.0,180,848,480,6.0,89efa9a762075cd3d8849fc5537e95d7ce4ac44fda52629f36a9a9b55dd40a0d
accident,WhatsApp Video 2026-09-09 at 10.21.39 PM (1).mp4,C:\Users\Hamsaveni A R\Desktop\ADP stage 2\dataset\accident\WhatsApp Video 2026-09-09 at 10.21.39 PM (1).mp4,OK,30.0,186,848,480,6.2,f33d8713e699d1522b68bd56b87c92a1796984585490c486d6fccf935050855a
accident,WhatsApp Video 2026-09-09 at 10.21.39 PM (2).mp4,C:\Users\Hamsaveni A R\Desktop\ADP stage 2\dataset\accident\WhatsApp Video 2026-09-09 at 10.21.39 PM (2).mp4,OK,30.0,126,848,480,4.2,421adfcd9fe077da44dd18beb6be2fc02ea1996e95aa1acccc9af9cf9fffe35e
accident,WhatsApp Video 2026-09-09 at 10.21.39 PM.mp4,C:\Users\Hamsaveni A R\Desktop\ADP stage 2\dataset\accident\WhatsApp Video 2026-09-09 at 10.21.39 PM.mp4,OK,30.0,158,848,480,5.27,94ac36d5b0e6fbde3394e811519fe70d0e384e7f265ccb9f7941f61e06ba6c22
accident,WhatsApp Video 2026-09-09 at 10.21.40 PM (1).mp4,C:\Users\Hamsaveni A R\Desktop\ADP stage 2\dataset\accident\WhatsApp Video 2026-09-09 at 10.21.40 PM (1).mp4,OK,30.0,210,848,480,7.0,09d483a391cb342004a97d9415103344d4234735fffa1bbf673d1e3e3851ad06
accident,WhatsApp Video 2026-09-09 at 10.21.40 PM (2).mp4,C:\Users\Hamsaveni A R\Desktop\ADP stage 2\dataset\accident\WhatsApp Video 2026-09-09 at 10.21.40 PM (2).mp4,OK,30.0,177,848,480,5.9,478d6b73edd5027c533fa6d63dce656752eb94cd1c1c998582948592d51c2d77
accident,WhatsApp Video 2026-09-09 at 10.21.40 PM.mp4,C:\Users\Hamsaveni A R\Desktop\ADP stage 2\dataset\accident\WhatsApp Video 2026-09-09 at 10.21.40 PM.mp4,OK,30.0,125,848,480,4.17,65b3f8f9f872dd3f95b34cb422fa86a514867a8aa9f9d35c21bd54e0c62d344e
accident,WhatsApp Video 2026-09-09 at 10.21.41 PM (1).mp4,C:\Users\Hamsaveni A R\Desktop\ADP stage 2\dataset\accident\WhatsApp Video 2026-09-09 at 10.21.41 PM (1).mp4,OK,30.0,62,848,480,2.07,2a13b7f52e01a5e65e41fd1a91aa9374ba18f2818a8b3f2a4000d41c3915b9a6
accident,WhatsApp Video 2026-09-09 at 10.21.41 PM (2).mp4,C:\Users\Hamsaveni A R\Desktop\ADP stage 2\dataset\accident\WhatsApp Video 2026-09-09 at 10.21.41 PM (2).mp4,OK,29.97,150,848,480,5.0,e415e1c8487dddc15c6365c4091b76084adf61b9c80cb85286e18319506f847b
accident,WhatsApp Video 2026-09-09 at 10.21.41 PM (3).mp4,C:\Users\Hamsaveni A R\Desktop\ADP stage 2\dataset\accident\WhatsApp Video 2026-09-09 at 10.21.41 PM (3).mp4,OK,29.83,90,848,480,3.02,6d6a0acd3b507f96ffdc6d720144607d558ea3dd3e71744d4067709f560fe8fe
accident,WhatsApp Video 2026-09-09 at 10.21.41 PM.mp4,C:\Users\Hamsaveni A R\Desktop\ADP stage 2\dataset\accident\WhatsApp Video 2026-09-09 at 10.21.41 PM.mp4,OK,30.0,183,848,480,6.1,7971288200dbf50c10200fec0561a0f04162c3a4bf2d9ce5a6db3f98c76b057b
accident,WhatsApp Video 2026-09-09 at 10.21.42 PM (1).mp4,C:\Users\Hamsaveni A R\Desktop\ADP stage 2\dataset\accident\WhatsApp Video 2026-09-09 at 10.21.42 PM (1).mp4,OK,30.0,207,848,480,6.9,1adbfc98fa8961811f131afc181483d2fb73ef0d49b59d8b94a9c2eb3cbc77e3
accident,WhatsApp Video 2026-09-09 at 10.21.42 PM (2).mp4,C:\Users\Hamsaveni A R\Desktop\ADP stage 2\dataset\accident\WhatsApp Video 2026-09-09 at 10.21.42 PM (2).mp4,OK,29.83,90,848,480,3.02,aa913fa3646f0be92cd51356ea1ddf2f6fa6f10ec09583a7d4affabd8990cd69
accident,WhatsApp Video 2026-09-09 at 10.21.42 PM.mp4,C:\Users\Hamsaveni A R\Desktop\ADP stage 2\dataset\accident\WhatsApp Video 2026-09-09 at 10.21.42 PM.mp4,OK,30.0,207,848,480,6.9,e89fa3d688bddd7e42b9dd31663a973db86c768284c99ac1f26ee4241a50b63a
accident,WhatsApp Video 2026-09-09 at 10.21.43 PM (1).mp4,C:\Users\Hamsaveni A R\Desktop\ADP stage 2\dataset\accident\WhatsApp Video 2026-09-09 at 10.21.43 PM (1).mp4,OK,29.97,157,848,480,5.24,d858e5cb7b508c7326b9957defc2475ab491c295f7dd696e95dc410433c72345
accident,WhatsApp Video 2026-09-09 at 10.21.43 PM (2).mp4,C:\Users\Hamsaveni A R\Desktop\ADP stage 2\dataset\accident\WhatsApp Video 2026-09-09 at 10.21.43 PM (2).mp4,OK,30.0,90,848,480,3.0,30510cf15790445e251abb7afe606c791c6d2aed917c69286a80b0d96b855660
accident,WhatsApp Video 2026-09-09 at 10.21.43 PM.mp4,C:\Users\Hamsaveni A R\Desktop\ADP stage 2\dataset\accident\WhatsApp Video 2026-09-09 at 10.21.43 PM.mp4,OK,30.0,172,848,480,5.73,cb2385d8dc4c84da5e7fcbac378287372f2f000db3dd4a8cb6aa636ac75a4ea4
accident,WhatsApp Video 2026-09-09 at 9.29.20 PM.mp4,C:\Users\Hamsaveni A R\Desktop\ADP stage 2\dataset\accident\WhatsApp Video 2026-09-09 at 9.29.20 PM.mp4,OK,29.97,153,848,480,5.11,49f53c4d10e83128e0c57ce5faa0632a9d53c9555c77a08a6790d5ab3b9f857c
accident,WhatsApp Video 2026-09-09 at 9.29.25 PM.mp4,C:\Users\Hamsaveni A R\Desktop\ADP stage 2\dataset\accident\WhatsApp Video 2026-09-09 at 9.29.25 PM.mp4,OK,30.0,344,848,480,11.47,4b9acc8a69c941fd28b76af5f48dbcd0a1ae5e37a8fd08e083cef4e81e3ef161
accident,WhatsApp Video 2026-09-09 at 9.29.41 PM.mp4,C:\Users\Hamsaveni A R\Desktop\ADP stage 2\dataset\accident\WhatsApp Video 2026-09-09 at 9.29.41 PM.mp4,OK,30.0,219,848,480,7.3,d4465a3c9a6b6171b18d6889ccf2af1e842ad99f3153028031bd828268bc411c
accident,WhatsApp Video 2026-09-09 at 9.29.42 PM (1).mp4,C:\Users\Hamsaveni A R\Desktop\ADP stage 2\dataset\accident\WhatsApp Video 2026-09-09 at 9.29.42 PM (1).mp4,OK,30.0,156,848,480,5.2,44025cbc710872543dd49914dd5f6b9bf88f3b82b83853ce23fef7432c90ed48
accident,WhatsApp Video 2026-09-09 at 9.29.42 PM (2).mp4,C:\Users\Hamsaveni A R\Desktop\ADP stage 2\dataset\accident\WhatsApp Video 2026-09-09 at 9.29.42 PM (2).mp4,OK,30.0,126,848,480,4.2,e5dac7ca1722d787490aa2a08da0ed3da7343bea04129e8eb7d765d2c47dc39b
accident,WhatsApp Video 2026-09-09 at 9.29.42 PM (3).mp4,C:\Users\Hamsaveni A R\Desktop\ADP stage 2\dataset\accident\WhatsApp Video 2026-09-09 at 9.29.42 PM (3).mp4,OK,30.0,156,848,480,5.2,ba0b33833e108e827f848ffd2b074f3666b8055d82a79c47ec3ed55443675e94
accident,WhatsApp Video 2026-09-09 at 9.29.42 PM.mp4,C:\Users\Hamsaveni A R\Desktop\ADP stage 2\dataset\accident\WhatsApp Video 2026-09-09 at 9.29.42 PM.mp4,OK,30.0,156,848,480,5.2,06aeb5bc8dca0762d3eeb58fa2f2fd7e30374a71143685c3a7a0dd5e827bf0f5
accident,WhatsApp Video 2026-09-09 at 9.29.43 PM.mp4,C:\Users\Hamsaveni A R\Desktop\ADP stage 2\dataset\accident\WhatsApp Video 2026-09-09 at 9.29.43 PM.mp4,OK,30.0,156,848,480,5.2,edd8941b128839a8eef8636564f4e61b62d512c06fa805ad342a50d9cf6698ac
accident,WhatsApp Video 2026-09-09 at 9.59.42 PM.mp4,C:\Users\Hamsaveni A R\Desktop\ADP stage 2\dataset\accident\WhatsApp Video 2026-09-09 at 9.59.42 PM.mp4,OK,29.97,150,848,480,5.0,87dc44a4279e94e5bf08684387cebc140b460f18b575821058087f704d8a6820
accident,WhatsApp Video 2026-09-09 at 9.59.45 PM.mp4,C:\Users\Hamsaveni A R\Desktop\ADP stage 2\dataset\accident\WhatsApp Video 2026-09-09 at 9.59.45 PM.mp4,OK,30.0,210,848,480,7.0,3426fb10b1a96d59eaf1518445c5d9e1c6f70576dec4deda9d1e1d5902e76fc7
accident,WhatsApp Video 2026-09-09 at 9.59.58 PM.mp4,C:\Users\Hamsaveni A R\Desktop\ADP stage 2\dataset\accident\WhatsApp Video 2026-09-09 at 9.59.58 PM.mp4,OK,25.0,130,848,480,5.2,7ebf02bb1774149fd2581d8f1d8d6a6e909c5ef3ea8819dd1e0e811f72d3f86f
accident,WhatsApp Video 2026-09-09 at 9.59.59 PM (1).mp4,C:\Users\Hamsaveni A R\Desktop\ADP stage 2\dataset\accident\WhatsApp Video 2026-09-09 at 9.59.59 PM (1).mp4,OK,25.0,138,848,480,5.52,edbbc5c29ca9049935c3dafe5d1cf37eb6eff608bd972ab6f05b601b43794a30
accident,WhatsApp Video 2026-09-09 at 9.59.59 PM (2).mp4,C:\Users\Hamsaveni A R\Desktop\ADP stage 2\dataset\accident\WhatsApp Video 2026-09-09 at 9.59.59 PM (2).mp4,OK,25.0,192,848,480,7.68,289815dea4e0c948d6d0b7a1c3e388bd6577d18f2f2d8eb98b08286e92811bed
accident,WhatsApp Video 2026-09-09 at 9.59.59 PM.mp4,C:\Users\Hamsaveni A R\Desktop\ADP stage 2\dataset\accident\WhatsApp Video 2026-09-09 at 9.59.59 PM.mp4,OK,25.0,110,848,480,4.4,6efd54c0f7e52057d4d1116530daea0a71cd3be097f9664a93ad58717665eb6e
normal,WhatsApp Video 2026-09-08 at 3.34.57 PM.mp4,C:\Users\Hamsaveni A R\Desktop\ADP stage 2\dataset\normal\WhatsApp Video 2026-09-08 at 3.34.57 PM.mp4,OK,25.0,148,848,480,5.92,fe1eba49201b20c4c178ae1e2d2231021fc7df3e1c50a3aac9dd98cb053c1b06
normal,WhatsApp Video 2026-09-08 at 3.34.58 PM (1).mp4,C:\Users\Hamsaveni A R\Desktop\ADP stage 2\dataset\normal\WhatsApp Video 2026-09-08 at 3.34.58 PM (1).mp4,OK,30.0,449,848,480,14.97,be762ea32715ab2df03fe9d567d91633e308a46113568b28cc61522c824a0959
normal,WhatsApp Video 2026-09-08 at 3.34.58 PM (2).mp4,C:\Users\Hamsaveni A R\Desktop\ADP stage 2\dataset\normal\WhatsApp Video 2026-09-08 at 3.34.58 PM (2).mp4,OK,25.0,1549,848,480,61.96,84c0d35e7426c6889ffc9abc6c81d6114f880f61173c6d87931cff6828d0e458
normal,WhatsApp Video 2026-09-08 at 3.34.58 PM.mp4,C:\Users\Hamsaveni A R\Desktop\ADP stage 2\dataset\normal\WhatsApp Video 2026-09-08 at 3.34.58 PM.mp4,OK,25.0,220,848,480,8.8,bb5213ccb6da7d6beae69724438beba6acc72b58db5214f3f9646e66696e80ba
normal,WhatsApp Video 2026-09-08 at 3.34.59 PM (1).mp4,C:\Users\Hamsaveni A R\Desktop\ADP stage 2\dataset\normal\WhatsApp Video 2026-09-08 at 3.34.59 PM (1).mp4,OK,29.97,3794,640,360,126.59,32207177f0fd4f6380b4597b53f45dff9a35a248b2c09945a16616b5eeca850b
normal,WhatsApp Video 2026-09-08 at 3.34.59 PM.mp4,C:\Users\Hamsaveni A R\Desktop\ADP stage 2\dataset\normal\WhatsApp Video 2026-09-08 at 3.34.59 PM.mp4,OK,29.97,3794,640,360,126.59,32207177f0fd4f6380b4597b53f45dff9a35a248b2c09945a16616b5eeca850b
normal,WhatsApp Video 2026-09-08 at 3.35.00 PM (1).mp4,C:\Users\Hamsaveni A R\Desktop\ADP stage 2\dataset\normal\WhatsApp Video 2026-09-08 at 3.35.00 PM (1).mp4,OK,30.0,450,848,480,15.0,010efe4a94bbd8f533b8ee8cbda668c2150d0debe3700b2516c6d5df98ec3c39
normal,WhatsApp Video 2026-09-08 at 3.35.00 PM (2).mp4,C:\Users\Hamsaveni A R\Desktop\ADP stage 2\dataset\normal\WhatsApp Video 2026-09-08 at 3.35.00 PM (2).mp4,OK,25.0,260,848,480,10.4,d79c1927d0bae9cab104978e17ecf84a5e2e089b459b1d549661f417ba777ba8
normal,WhatsApp Video 2026-09-08 at 3.35.00 PM.mp4,C:\Users\Hamsaveni A R\Desktop\ADP stage 2\dataset\normal\WhatsApp Video 2026-09-08 at 3.35.00 PM.mp4,OK,25.0,1123,848,480,44.92,e1ed28b825770c3cc322979445855fa22b20e49942df3d9046ea222f3ef6c3e0
normal,WhatsApp Video 2026-09-08 at 3.40.29 PM.mp4,C:\Users\Hamsaveni A R\Desktop\ADP stage 2\dataset\normal\WhatsApp Video 2026-09-08 at 3.40.29 PM.mp4,OK,31.98,361,848,384,11.29,7293d66dd25b0bf65c4e7297de1e0e897fd9131fbd12c11593f89fb95731a37a
normal,WhatsApp Video 2026-09-08 at 3.43.48 PM.mp4,C:\Users\Hamsaveni A R\Desktop\ADP stage 2\dataset\normal\WhatsApp Video 2026-09-08 at 3.43.48 PM.mp4,OK,30.0,661,848,592,22.03,57b5bc2b99e6d745708c028331c944e1b26815772649853e5979ced3adf70a55
normal,WhatsApp Video 2026-09-08 at 3.45.17 PM.mp4,C:\Users\Hamsaveni A R\Desktop\ADP stage 2\dataset\normal\WhatsApp Video 2026-09-08 at 3.45.17 PM.mp4,OK,30.4,308,848,480,10.13,9fdb26b2df3a80fc703ee4d7ea79fbb1ca8d3b7510a32a02d5b8ec1066ca67ad
normal,WhatsApp Video 2026-09-08 at 9.33.51 PM.mp4,C:\Users\Hamsaveni A R\Desktop\ADP stage 2\dataset\normal\WhatsApp Video 2026-09-08 at 9.33.51 PM.mp4,OK,30.01,450,848,480,15.0,1f2ddf0fcd7c45c872c22a3e23a34b2115eb469a986e9698c6787d1e4fb69475
normal,WhatsApp Video 2026-09-08 at 9.34.35 PM.mp4,C:\Users\Hamsaveni A R\Desktop\ADP stage 2\dataset\normal\WhatsApp Video 2026-09-08 at 9.34.35 PM.mp4,OK,30.0,449,848,480,14.96,bee9c2e4f08c5c94debfad9bfacce88966dda435e005367bacb498cec0046198
normal,WhatsApp Video 2026-09-08 at 9.35.07 PM.mp4,C:\Users\Hamsaveni A R\Desktop\ADP stage 2\dataset\normal\WhatsApp Video 2026-09-08 at 9.35.07 PM.mp4,OK,30.0,449,848,480,14.97,fd1676cafbf4b15425f0a0633adcf19724d3cb2400e54407ebea6f29834677e5
normal,WhatsApp Video 2026-09-08 at 9.35.16 PM.mp4,C:\Users\Hamsaveni A R\Desktop\ADP stage 2\dataset\normal\WhatsApp Video 2026-09-08 at 9.35.16 PM.mp4,OK,30.0,450,848,480,15.0,253e8fbe8bf1cdb05f76a79d47141998d831b889c1212d0e8575bf98c2f9df34
normal,WhatsApp Video 2026-09-08 at 9.35.21 PM (1).mp4,C:\Users\Hamsaveni A R\Desktop\ADP stage 2\dataset\normal\WhatsApp Video 2026-09-08 at 9.35.21 PM (1).mp4,OK,30.0,449,848,480,14.96,299f6b9b16bfd986af8142f3df79110c64eb3ffd474227d00b4f8a0bd7c74ef2
normal,WhatsApp Video 2026-09-08 at 9.35.21 PM.mp4,C:\Users\Hamsaveni A R\Desktop\ADP stage 2\dataset\normal\WhatsApp Video 2026-09-08 at 9.35.21 PM.mp4,OK,30.0,449,848,480,14.96,299f6b9b16bfd986af8142f3df79110c64eb3ffd474227d00b4f8a0bd7c74ef2
normal,WhatsApp Video 2026-09-08 at 9.36.31 PM.mp4,C:\Users\Hamsaveni A R\Desktop\ADP stage 2\dataset\normal\WhatsApp Video 2026-09-08 at 9.36.31 PM.mp4,OK,30.0,450,848,480,15.0,7a7d8be856841d47b8be2c211f75119a71473e4797636da4ab128916de85391d
normal,WhatsApp Video 2026-09-08 at 9.36.39 PM.mp4,C:\Users\Hamsaveni A R\Desktop\ADP stage 2\dataset\normal\WhatsApp Video 2026-09-08 at 9.36.39 PM.mp4,OK,30.0,449,848,480,14.96,7c1a9c7a283f32d2aecc2da836ea39c0f5796a9782fb8df24d56ca174aec0ad5
normal,WhatsApp Video 2026-09-08 at 9.36.59 PM.mp4,C:\Users\Hamsaveni A R\Desktop\ADP stage 2\dataset\normal\WhatsApp Video 2026-09-08 at 9.36.59 PM.mp4,OK,30.01,450,848,480,15.0,46a8a52ba7cd4242e1c8e6bc0c7ddada05cc8fac1c23bb456b18dd747e26e02a
normal,WhatsApp Video 2026-09-09 at 11.19.48 AM.mp4,C:\Users\Hamsaveni A R\Desktop\ADP stage 2\dataset\normal\WhatsApp Video 2026-09-09 at 11.19.48 AM.mp4,OK,30.0,391,848,480,13.03,dc06c5457ef14f5ce5008a9eed8ca45b268d336c447876a07b0bef1f50920cd0
normal,WhatsApp Video 2026-09-09 at 11.19.53 AM.mp4,C:\Users\Hamsaveni A R\Desktop\ADP stage 2\dataset\normal\WhatsApp Video 2026-09-09 at 11.19.53 AM.mp4,OK,30.0,604,848,480,20.13,7baa5ee3be06e4054157e4612c1ae740b0131b3e033c3473097750322d831fa5
normal,WhatsApp Video 2026-09-09 at 11.19.58 AM.mp4,C:\Users\Hamsaveni A R\Desktop\ADP stage 2\dataset\normal\WhatsApp Video 2026-09-09 at 11.19.58 AM.mp4,OK,30.0,577,848,480,19.23,98875f124db716d1e394f4708783f27fa50b590e610332f4bd86b675e18dd3e0
normal,WhatsApp Video 2026-09-09 at 11.20.02 AM.mp4,C:\Users\Hamsaveni A R\Desktop\ADP stage 2\dataset\normal\WhatsApp Video 2026-09-09 at 11.20.02 AM.mp4,OK,30.0,576,848,592,19.2,77796c351b43dcf2cd2d23c255b2e9367fc6bf917e319caa921bca8904c1015c
normal,WhatsApp Video 2026-09-09 at 11.20.08 AM.mp4,C:\Users\Hamsaveni A R\Desktop\ADP stage 2\dataset\normal\WhatsApp Video 2026-09-09 at 11.20.08 AM.mp4,OK,30.0,615,848,480,20.5,5509b90931981596f43d6062d79125c2bf58a71c214062420bd41b6b96e87070
normal,WhatsApp Video 2026-09-09 at 11.20.11 AM.mp4,C:\Users\Hamsaveni A R\Desktop\ADP stage 2\dataset\normal\WhatsApp Video 2026-09-09 at 11.20.11 AM.mp4,OK,30.0,581,848,480,19.37,a6e9c932bc5b5dbfe6dea860e6bf7a67724a5ec7dd91cf2a3b677e8e9735a002
normal,WhatsApp Video 2026-09-09 at 11.20.16 AM.mp4,C:\Users\Hamsaveni A R\Desktop\ADP stage 2\dataset\normal\WhatsApp Video 2026-09-09 at 11.20.16 AM.mp4,OK,30.0,589,848,592,19.63,6dcbdf65a7e11e822987750954f42e747e9c70a8133725b9c572f37ae80d95f7
normal,WhatsApp Video 2026-09-09 at 11.20.18 AM.mp4,C:\Users\Hamsaveni A R\Desktop\ADP stage 2\dataset\normal\WhatsApp Video 2026-09-09 at 11.20.18 AM.mp4,OK,30.0,597,848,480,19.9,6a1dc597885757770315ee6931c6bc4957cab13d9670e15f2e792b3129ae3824
normal,WhatsApp Video 2026-09-09 at 11.20.23 AM.mp4,C:\Users\Hamsaveni A R\Desktop\ADP stage 2\dataset\normal\WhatsApp Video 2026-09-09 at 11.20.23 AM.mp4,OK,30.0,597,848,480,19.9,5c7ece078e7ed87aa87bdd58090e82bdae3531cf4dcb1ad00028951af87e6e2b
normal,WhatsApp Video 2026-09-09 at 11.20.26 AM.mp4,C:\Users\Hamsaveni A R\Desktop\ADP stage 2\dataset\normal\WhatsApp Video 2026-09-09 at 11.20.26 AM.mp4,OK,30.0,496,848,480,16.53,ccc9b75e38f87118499b22a97ef9c0910dc9e5120013d262262af2dcf7d11521
normal,WhatsApp Video 2026-09-09 at 11.20.31 AM.mp4,C:\Users\Hamsaveni A R\Desktop\ADP stage 2\dataset\normal\WhatsApp Video 2026-09-09 at 11.20.31 AM.mp4,OK,30.0,577,848,480,19.23,b98b34b29e66d140933fb6bdf9fbc17b3e1e8dfe7d320e890a17d84e3a4bfa40
normal,WhatsApp Video 2026-09-09 at 11.20.36 AM.mp4,C:\Users\Hamsaveni A R\Desktop\ADP stage 2\dataset\normal\WhatsApp Video 2026-09-09 at 11.20.36 AM.mp4,OK,30.0,560,848,480,18.67,c2fcc4067dbb13541ff570796fdfdcb570b96a73998b61b788a5160cad5df45c
normal,WhatsApp Video 2026-09-09 at 11.20.42 AM.mp4,C:\Users\Hamsaveni A R\Desktop\ADP stage 2\dataset\normal\WhatsApp Video 2026-09-09 at 11.20.42 AM.mp4,OK,30.0,611,848,480,20.37,8e9a79aa551ba1b2cc12b5f0419bf1464658556723e36ef49665f17c08254536
normal,WhatsApp Video 2026-09-09 at 11.20.50 AM.mp4,C:\Users\Hamsaveni A R\Desktop\ADP stage 2\dataset\normal\WhatsApp Video 2026-09-09 at 11.20.50 AM.mp4,OK,30.0,596,848,480,19.87,dcb12ae4dc76713d3a498465c8246c5d4f6b860c9d0aba0dc18b96014b9298bb
normal,WhatsApp Video 2026-09-09 at 11.20.57 AM.mp4,C:\Users\Hamsaveni A R\Desktop\ADP stage 2\dataset\normal\WhatsApp Video 2026-09-09 at 11.20.57 AM.mp4,OK,30.0,582,848,480,19.4,71ea195f3cff0c9417d8fce2eb928ad1f0f1953e10f0eb032c63ec6d8af2c2c3
normal,WhatsApp Video 2026-09-09 at 11.21.01 AM.mp4,C:\Users\Hamsaveni A R\Desktop\ADP stage 2\dataset\normal\WhatsApp Video 2026-09-09 at 11.21.01 AM.mp4,OK,30.0,597,848,480,19.9,bc1faa15e39f4b9b1ef873331626452ae3c90dea01a108c4f34a2cd80cc470ed
normal,WhatsApp Video 2026-09-09 at 11.21.04 AM.mp4,C:\Users\Hamsaveni A R\Desktop\ADP stage 2\dataset\normal\WhatsApp Video 2026-09-09 at 11.21.04 AM.mp4,OK,30.0,585,848,480,19.5,fba245e7199fb28a8ad9716b2ad09140438d05420bf7f1bc13acb0380e71fb42
normal,WhatsApp Video 2026-09-09 at 11.21.07 AM.mp4,C:\Users\Hamsaveni A R\Desktop\ADP stage 2\dataset\normal\WhatsApp Video 2026-09-09 at 11.21.07 AM.mp4,OK,30.0,594,848,480,19.8,0b673ba75450b95900385308a69d3ef1b83e6ad4e98018e1a29e7d362399b7f4
normal,WhatsApp Video 2026-09-09 at 11.21.10 AM.mp4,C:\Users\Hamsaveni A R\Desktop\ADP stage 2\dataset\normal\WhatsApp Video 2026-09-09 at 11.21.10 AM.mp4,OK,30.0,579,848,480,19.3,786ab7b9158f06d1c8f53c36b4b6a3ed9ab18239e07dff6280eba02b856676e8
normal,WhatsApp Video 2026-09-09 at 11.21.13 AM.mp4,C:\Users\Hamsaveni A R\Desktop\ADP stage 2\dataset\normal\WhatsApp Video 2026-09-09 at 11.21.13 AM.mp4,OK,30.0,559,848,480,18.63,462a93fd22a5494bbe824013b383e7fb8b3a6acc5b962868283758a57e65feef
normal,WhatsApp Video 2026-09-09 at 11.21.16 AM.mp4,C:\Users\Hamsaveni A R\Desktop\ADP stage 2\dataset\normal\WhatsApp Video 2026-09-09 at 11.21.16 AM.mp4,OK,30.0,596,848,480,19.87,65f3e70411b661735451b564d863d3f958dc5a17b508cf84ae9cc0fb2cce4143
normal,WhatsApp Video 2026-09-09 at 11.21.22 AM.mp4,C:\Users\Hamsaveni A R\Desktop\ADP stage 2\dataset\normal\WhatsApp Video 2026-09-09 at 11.21.22 AM.mp4,OK,30.0,567,848,480,18.9,18cf5a77d39197e3d1e1e47b42053349bd9a4081a12a76ee35466b895abb3a5b
normal,WhatsApp Video 2026-09-09 at 11.21.32 AM.mp4,C:\Users\Hamsaveni A R\Desktop\ADP stage 2\dataset\normal\WhatsApp Video 2026-09-09 at 11.21.32 AM.mp4,OK,30.0,594,848,480,19.8,10c7a15beb7fd7c0b8147fcd4a5edd881a86242de73d6bf5700d18b1eb008e7b
normal,WhatsApp Video 2026-09-09 at 11.21.33 AM.mp4,C:\Users\Hamsaveni A R\Desktop\ADP stage 2\dataset\normal\WhatsApp Video 2026-09-09 at 11.21.33 AM.mp4,OK,30.0,644,848,480,21.47,b12f306572dfe69aa87c417eb035f6a0326ca40c5f65da4bf94c3de0c57382bc
normal,WhatsApp Video 2026-09-09 at 11.21.43 AM.mp4,C:\Users\Hamsaveni A R\Desktop\ADP stage 2\dataset\normal\WhatsApp Video 2026-09-09 at 11.21.43 AM.mp4,OK,30.0,587,848,480,19.57,1fb7dc1aabc4860ccd2f12a0374e032eacc77d94f6e18bc816ac2e4cc748ec7b
normal,WhatsApp Video 2026-09-09 at 11.21.59 AM.mp4,C:\Users\Hamsaveni A R\Desktop\ADP stage 2\dataset\normal\WhatsApp Video 2026-09-09 at 11.21.59 AM.mp4,OK,30.0,594,848,480,19.8,fbecc66e6d0b46df785c4a11730190f3487ab6455ef4d6522dbee4cc44c31c2f
normal,WhatsApp Video 2026-09-09 at 11.22.00 AM.mp4,C:\Users\Hamsaveni A R\Desktop\ADP stage 2\dataset\normal\WhatsApp Video 2026-09-09 at 11.22.00 AM.mp4,OK,30.0,629,848,480,20.97,84083536077d8d5791e1230c369b3853e13cfa3e67e9ec4aafe84f46001bbc26
normal,WhatsApp Video 2026-09-09 at 11.22.04 AM.mp4,C:\Users\Hamsaveni A R\Desktop\ADP stage 2\dataset\normal\WhatsApp Video 2026-09-09 at 11.22.04 AM.mp4,OK,30.0,615,848,480,20.5,f42553a0a6b3f4271fed2ee6f344beeb8e39f16bc6bca6536c150d6cbed39597
normal,WhatsApp Video 2026-09-09 at 11.22.06 AM.mp4,C:\Users\Hamsaveni A R\Desktop\ADP stage 2\dataset\normal\WhatsApp Video 2026-09-09 at 11.22.06 AM.mp4,OK,30.0,603,848,480,20.1,dcca2096e507aabd7e3c529ee9ccb7f254d08a99c3817d548f5a2778e02dab51
normal,WhatsApp Video 2026-09-09 at 11.22.08 AM.mp4,C:\Users\Hamsaveni A R\Desktop\ADP stage 2\dataset\normal\WhatsApp Video 2026-09-09 at 11.22.08 AM.mp4,OK,30.0,517,848,480,17.23,ba7ad8157b934641c61fc791c324b566055ba22719bc7039136c89e5cee47f5d
normal,WhatsApp Video 2026-09-09 at 11.22.12 AM.mp4,C:\Users\Hamsaveni A R\Desktop\ADP stage 2\dataset\normal\WhatsApp Video 2026-09-09 at 11.22.12 AM.mp4,OK,30.0,573,848,480,19.1,f01bb3926ef0ba6aaae3ff0ec3a79b611a46d6e4c7d1dabad8911cb912644144
normal,WhatsApp Video 2026-09-09 at 11.22.13 AM.mp4,C:\Users\Hamsaveni A R\Desktop\ADP stage 2\dataset\normal\WhatsApp Video 2026-09-09 at 11.22.13 AM.mp4,OK,30.0,592,848,480,19.73,1d4b0ae8145ef2e66e2d818d4aafd36999f7cc937d272b396038b01c773389a8
normal,WhatsApp Video 2026-09-09 at 11.22.17 AM.mp4,C:\Users\Hamsaveni A R\Desktop\ADP stage 2\dataset\normal\WhatsApp Video 2026-09-09 at 11.22.17 AM.mp4,OK,30.0,596,848,480,19.87,6b192b3358237716303af760414c02aedbb0f9b2b25b20279416ac83ec913e86
normal,WhatsApp Video 2026-09-09 at 11.22.18 AM.mp4,C:\Users\Hamsaveni A R\Desktop\ADP stage 2\dataset\normal\WhatsApp Video 2026-09-09 at 11.22.18 AM.mp4,OK,30.0,584,848,480,19.47,15dbeea8ed65fae075db627bf9f45be8dc54f3c1228165740cbd3eb998603d32
normal,WhatsApp Video 2026-09-09 at 11.22.28 AM.mp4,C:\Users\Hamsaveni A R\Desktop\ADP stage 2\dataset\normal\WhatsApp Video 2026-09-09 at 11.22.28 AM.mp4,OK,30.0,562,848,480,18.73,a196b7492fa09c753949734e5be27af633432a952bf015ee4a8f52a768c9e9ee
normal,WhatsApp Video 2026-09-09 at 11.22.44 AM.mp4,C:\Users\Hamsaveni A R\Desktop\ADP stage 2\dataset\normal\WhatsApp Video 2026-09-09 at 11.22.44 AM.mp4,OK,30.0,464,848,480,15.47,dc7da5f9f4075a40eda22d28e87dce2fe32d6b25ed0ce7021bd8cdb45bebe3df
normal,WhatsApp Video 2026-09-09 at 11.22.48 AM.mp4,C:\Users\Hamsaveni A R\Desktop\ADP stage 2\dataset\normal\WhatsApp Video 2026-09-09 at 11.22.48 AM.mp4,OK,30.0,750,848,480,25.0,5a618512af81d418c9607680a20b4db8868ff27927a0ece3ebe59c6afba5d714
normal,WhatsApp Video 2026-09-09 at 11.23.00 AM.mp4,C:\Users\Hamsaveni A R\Desktop\ADP stage 2\dataset\normal\WhatsApp Video 2026-09-09 at 11.23.00 AM.mp4,OK,30.0,583,848,480,19.43,8340762093654294bc993f524c1735845058c1f672f71a763146799976f93109
normal,WhatsApp Video 2026-09-09 at 11.23.03 AM.mp4,C:\Users\Hamsaveni A R\Desktop\ADP stage 2\dataset\normal\WhatsApp Video 2026-09-09 at 11.23.03 AM.mp4,OK,30.0,612,848,480,20.4,936e4a7c4cf7b4a9176f50b5f300a06682945407bbcfaff344f32b62f82bd134
normal,WhatsApp Video 2026-09-09 at 11.23.12 AM.mp4,C:\Users\Hamsaveni A R\Desktop\ADP stage 2\dataset\normal\WhatsApp Video 2026-09-09 at 11.23.12 AM.mp4,OK,30.0,609,848,480,20.3,d2f466b1ecbc2b2114c34003559d1195f1844c31932f537e0369e987f7891a2f
normal,WhatsApp Video 2026-09-09 at 11.23.17 AM.mp4,C:\Users\Hamsaveni A R\Desktop\ADP stage 2\dataset\normal\WhatsApp Video 2026-09-09 at 11.23.17 AM.mp4,OK,30.0,394,848,576,13.13,5ee8e5a6a32859ab146d1b3359210b393a1b9918542c01be6e63b864e8c65444
normal,WhatsApp Video 2026-09-09 at 11.23.22 AM.mp4,C:\Users\Hamsaveni A R\Desktop\ADP stage 2\dataset\normal\WhatsApp Video 2026-09-09 at 11.23.22 AM.mp4,OK,30.0,694,848,480,23.13,bf63e211fb487cabe250ee8a2a5189ec10f622aaa234b262d73fdfa931bf1f05
normal,WhatsApp Video 2026-09-09 at 11.23.28 AM.mp4,C:\Users\Hamsaveni A R\Desktop\ADP stage 2\dataset\normal\WhatsApp Video 2026-09-09 at 11.23.28 AM.mp4,OK,30.0,4477,848,480,149.23,b81bcc3a93958e9c3517ad48f859b0d8c411fa9a0dea822806929a69c928e511
normal,WhatsApp Video 2026-09-09 at 11.23.30 AM (1).mp4,C:\Users\Hamsaveni A R\Desktop\ADP stage 2\dataset\normal\WhatsApp Video 2026-09-09 at 11.23.30 AM (1).mp4,OK,30.0,677,848,480,22.57,d390b9045c224984801ecb3d92a67e2db4768163c35cd37d60296dc41ef7698f
normal,WhatsApp Video 2026-09-09 at 11.23.30 AM.mp4,C:\Users\Hamsaveni A R\Desktop\ADP stage 2\dataset\normal\WhatsApp Video 2026-09-09 at 11.23.30 AM.mp4,OK,30.0,488,848,480,16.27,d393045da5e2df1284856ceec334d0621671ecbd7dc6dc089b81ffe521f7d258
normal,WhatsApp Video 2026-09-09 at 11.23.31 AM.mp4,C:\Users\Hamsaveni A R\Desktop\ADP stage 2\dataset\normal\WhatsApp Video 2026-09-09 at 11.23.31 AM.mp4,OK,30.0,615,848,480,20.5,e4d591d1ce671ad9763747d89d2c1b0fdc471d90ae79085b80c93188909e91e8
