filename,true_label,predicted_label,confidence,max_accident_probability,mean_accident_probability,timestamp_seconds,sequence_count,padded,inference_time_seconds,failure_type
v28.mov,ACCIDENT,NORMAL,0.9869924457743764,0.0130075542256236,0.0093826584052294,3.2,2,False,5.284333229064941,FALSE_NEGATIVE
v34.mov,ACCIDENT,NORMAL,0.9840857610106468,0.0159142389893531,0.0159142389893531,0.0,1,False,3.704867362976074,FALSE_NEGATIVE
v39.mov,ACCIDENT,NORMAL,0.9830759204924108,0.0169240795075893,0.0169240795075893,0.0,1,False,3.533130407333374,FALSE_NEGATIVE
v33.mov,ACCIDENT,NORMAL,0.9820689335465432,0.0179310664534568,0.0179310664534568,0.0,1,False,3.9173219203948975,FALSE_NEGATIVE
v51.mov,ACCIDENT,NORMAL,0.9806490335613488,0.019350966438651,0.0168533377970258,3.2,3,False,8.918347358703613,FALSE_NEGATIVE
v7.mov,ACCIDENT,NORMAL,0.9695282001048326,0.0304717998951673,0.0279400017112493,9.6,5,False,14.973212480545044,FALSE_NEGATIVE
v47.mov,ACCIDENT,NORMAL,0.9689703285694122,0.0310296714305877,0.0302925165742635,0.0,2,False,6.029189586639404,FALSE_NEGATIVE
v25.mov,ACCIDENT,NORMAL,0.968276422470808,0.0317235775291919,0.0254958164878189,0.0,4,False,10.344236850738524,FALSE_NEGATIVE
v36.mov,ACCIDENT,NORMAL,0.963433552533388,0.0365664474666118,0.0365664474666118,0.0,1,False,5.24072527885437,FALSE_NEGATIVE
v40.mov,ACCIDENT,NORMAL,0.9615054540336132,0.0384945459663867,0.0384945459663867,0.0,1,False,4.602017164230347,FALSE_NEGATIVE
v43.mov,ACCIDENT,NORMAL,0.955677043646574,0.0443229563534259,0.0278732422739267,0.0,3,False,8.596355676651001,FALSE_NEGATIVE
v10.mov,ACCIDENT,NORMAL,0.9499715939164162,0.0500284060835838,0.033672472462058,0.0,3,False,10.949793577194214,FALSE_NEGATIVE
v1.mov,ACCIDENT,NORMAL,0.947334460914135,0.052665539085865,0.0259369265820298,3.2,7,False,121.06949877738953,FALSE_NEGATIVE
v12.mov,ACCIDENT,NORMAL,0.9453940279781818,0.0546059720218181,0.0512178167700767,3.2,2,False,8.040199518203735,FALSE_NEGATIVE
v38.mov,ACCIDENT,NORMAL,0.9313191324472428,0.0686808675527572,0.0686808675527572,0.0,1,False,4.7284862995147705,FALSE_NEGATIVE
v46.mov,ACCIDENT,NORMAL,0.922714926302433,0.0772850736975669,0.0680493973195552,0.0,2,False,4.458375692367554,FALSE_NEGATIVE
v13.mov,ACCIDENT,NORMAL,0.9214605465531348,0.078539453446865,0.0545590405485459,9.6,7,False,21.681889057159424,FALSE_NEGATIVE
v3.mov,ACCIDENT,NORMAL,0.920900508761406,0.079099491238594,0.0469908602535724,6.4,4,False,11.955008268356323,FALSE_NEGATIVE
v50.mov,ACCIDENT,NORMAL,0.9168152138590812,0.0831847861409187,0.0421797718852758,3.2,5,False,12.311906337738035,FALSE_NEGATIVE
v9.mov,ACCIDENT,NORMAL,0.9125838652253152,0.0874161347746849,0.0622843895107507,0.0,2,False,7.201422929763794,FALSE_NEGATIVE
v31.mov,ACCIDENT,NORMAL,0.9092961996793748,0.0907038003206253,0.0745871495455503,0.0,2,False,6.081581115722656,FALSE_NEGATIVE
v14.mov,ACCIDENT,NORMAL,0.9078071415424348,0.0921928584575653,0.0729389507323503,0.0,2,False,6.601875066757202,FALSE_NEGATIVE
v4.mov,ACCIDENT,NORMAL,0.904124103486538,0.095875896513462,0.069346847012639,3.2,2,False,8.443648338317871,FALSE_NEGATIVE
v15.mov,ACCIDENT,NORMAL,0.9040958732366562,0.0959041267633438,0.0426545196678489,3.2,4,False,11.762112855911257,FALSE_NEGATIVE
v18.mov,ACCIDENT,NORMAL,0.8943854197859764,0.1056145802140235,0.0928429439663887,0.0,2,False,6.699952840805054,FALSE_NEGATIVE
v8.mov,ACCIDENT,NORMAL,0.8804358094930649,0.1195641905069351,0.1013708338141441,3.2,2,False,6.953758001327515,FALSE_NEGATIVE
v11.mov,ACCIDENT,NORMAL,0.8794194981455803,0.1205805018544197,0.0680040204897522,3.2,4,False,13.417221069335938,FALSE_NEGATIVE
v22.mov,ACCIDENT,NORMAL,0.879130095243454,0.120869904756546,0.1153213120996952,3.2,2,False,5.723740339279175,FALSE_NEGATIVE
v23.mov,ACCIDENT,NORMAL,0.8475580215454102,0.1524419784545898,0.1357888827721277,0.0,3,False,7.172391891479492,FALSE_NEGATIVE
v29.mov,ACCIDENT,NORMAL,0.8181163519620895,0.1818836480379104,0.0732137998566031,9.6,4,False,10.112314224243164,FALSE_NEGATIVE
v32.mov,ACCIDENT,NORMAL,0.816587507724762,0.183412492275238,0.1139378640800714,0.0,4,False,8.512458324432373,FALSE_NEGATIVE
v49.mov,ACCIDENT,NORMAL,0.7913303822278976,0.2086696177721023,0.1695384333531061,0.0,3,False,7.928490877151489,FALSE_NEGATIVE
v6.mov,ACCIDENT,NORMAL,0.7845318615436554,0.2154681384563446,0.1099990817407767,0.0,3,False,9.761212587356567,FALSE_NEGATIVE
v24.mov,ACCIDENT,NORMAL,0.7719482779502869,0.2280517220497131,0.1808253601193428,3.2,2,False,6.335526704788208,FALSE_NEGATIVE
v37.mov,ACCIDENT,NORMAL,0.7718048989772797,0.2281951010227203,0.2281951010227203,0.0,1,False,3.873611688613892,FALSE_NEGATIVE
v19.mov,ACCIDENT,NORMAL,0.7702981978654861,0.2297018021345138,0.2297018021345138,0.0,1,False,5.007313966751099,FALSE_NEGATIVE
v2.mov,ACCIDENT,NORMAL,0.7699107229709625,0.2300892770290374,0.2300892770290374,0.0,1,False,4.88923454284668,FALSE_NEGATIVE
v20.mov,ACCIDENT,NORMAL,0.7178077399730682,0.2821922600269317,0.1729860249906778,9.6,4,False,9.691207885742188,FALSE_NEGATIVE
v45.mov,ACCIDENT,NORMAL,0.7137317359447479,0.2862682640552521,0.1677521194020907,3.2,3,False,8.967017650604248,FALSE_NEGATIVE
v35.mov,ACCIDENT,NORMAL,0.7069600522518158,0.2930399477481842,0.2930399477481842,0.0,1,True,2.9966821670532227,FALSE_NEGATIVE
v26.mov,ACCIDENT,NORMAL,0.704851508140564,0.295148491859436,0.1568893839915593,6.4,3,False,7.838453531265259,FALSE_NEGATIVE
v27.mov,ACCIDENT,NORMAL,0.635348379611969,0.364651620388031,0.3429949680964152,3.2,3,False,7.487430572509766,FALSE_NEGATIVE
v30.mov,ACCIDENT,NORMAL,0.6015039682388306,0.3984960317611694,0.3014087613139833,6.4,7,False,18.928990125656128,FALSE_NEGATIVE
v42.mov,ACCIDENT,NORMAL,0.6008911430835724,0.3991088569164276,0.3858635872602463,3.2,2,False,2.3368611335754395,FALSE_NEGATIVE
v44.mov,ACCIDENT,NORMAL,0.5960732996463776,0.4039267003536224,0.35062242547671,6.4,3,False,8.853394269943237,FALSE_NEGATIVE
v21.mov,NORMAL,ACCIDENT,0.8200246095657349,0.8200246095657349,0.5072276517748833,6.4,3,False,9.605528831481934,FALSE_POSITIVE
v41.mov,NORMAL,ACCIDENT,0.7633950710296631,0.7633950710296631,0.6409035921096802,6.4,4,False,13.26051640510559,FALSE_POSITIVE
v16.mov,NORMAL,ACCIDENT,0.6741281747817993,0.6741281747817993,0.6741281747817993,0.0,1,True,2.035118103027344,FALSE_POSITIVE
v48.mov,NORMAL,ACCIDENT,0.6454418897628784,0.6454418897628784,0.6454418897628784,0.0,1,True,3.810948610305786,FALSE_POSITIVE
v5.mov,NORMAL,ACCIDENT,0.4930980801582336,0.4930980801582336,0.4930980801582336,0.0,1,True,3.9679722785949703,FALSE_POSITIVE
