group_id,filename,current_split,class,risk,recommended_action
1,WhatsApp Video 2026-09-08 at 3.35.00 PM (2).mp4,validation,normal,MEDIUM - TRAIN/VALIDATION LEAKAGE,Keep this source group in ONE split only. Do not allow the same source content in train and validation.
1,WhatsApp Video 2026-09-08 at 3.35.00 PM.mp4,train,normal,MEDIUM - TRAIN/VALIDATION LEAKAGE,Keep this source group in ONE split only. Do not allow the same source content in train and validation.
2,WhatsApp Video 2026-09-08 at 3.22.36 PM.mp4,train,accident,MEDIUM - TRAIN/VALIDATION LEAKAGE,Keep this source group in ONE split only. Do not allow the same source content in train and validation.
2,WhatsApp Video 2026-09-09 at 10.21.43 PM (2).mp4,validation,accident,MEDIUM - TRAIN/VALIDATION LEAKAGE,Keep this source group in ONE split only. Do not allow the same source content in train and validation.
3,WhatsApp Video 2026-09-09 at 11.20.42 AM.mp4,test,normal,HIGH - TRAIN/TEST LEAKAGE,Keep this source group in ONE split only. Do not allow the same source content in train and test.
3,WhatsApp Video 2026-09-09 at 11.21.04 AM.mp4,train,normal,HIGH - TRAIN/TEST LEAKAGE,Keep this source group in ONE split only. Do not allow the same source content in train and test.
4,WhatsApp Video 2026-09-09 at 11.19.58 AM.mp4,train,normal,MEDIUM - TRAIN/VALIDATION LEAKAGE,Keep this source group in ONE split only. Do not allow the same source content in train and validation.
4,WhatsApp Video 2026-09-09 at 11.20.11 AM.mp4,train,normal,MEDIUM - TRAIN/VALIDATION LEAKAGE,Keep this source group in ONE split only. Do not allow the same source content in train and validation.
4,WhatsApp Video 2026-09-09 at 11.20.36 AM.mp4,train,normal,MEDIUM - TRAIN/VALIDATION LEAKAGE,Keep this source group in ONE split only. Do not allow the same source content in train and validation.
4,WhatsApp Video 2026-09-09 at 11.23.28 AM.mp4,validation,normal,MEDIUM - TRAIN/VALIDATION LEAKAGE,Keep this source group in ONE split only. Do not allow the same source content in train and validation.
5,WhatsApp Video 2026-09-08 at 9.34.35 PM.mp4,test,normal,HIGH - TRAIN/TEST LEAKAGE,Keep this source group in ONE split only. Do not allow the same source content in train and test.
5,WhatsApp Video 2026-09-08 at 9.36.39 PM.mp4,train,normal,HIGH - TRAIN/TEST LEAKAGE,Keep this source group in ONE split only. Do not allow the same source content in train and test.
6,WhatsApp Video 2026-09-08 at 3.43.48 PM.mp4,train,normal,HIGH - TRAIN/TEST LEAKAGE,Keep this source group in ONE split only. Do not allow the same source content in train and test.
6,WhatsApp Video 2026-09-09 at 11.20.02 AM.mp4,test,normal,HIGH - TRAIN/TEST LEAKAGE,Keep this source group in ONE split only. Do not allow the same source content in train and test.
6,WhatsApp Video 2026-09-09 at 11.20.16 AM.mp4,train,normal,HIGH - TRAIN/TEST LEAKAGE,Keep this source group in ONE split only. Do not allow the same source content in train and test.
7,WhatsApp Video 2026-09-09 at 11.23.00 AM.mp4,train,normal,MEDIUM - TRAIN/VALIDATION LEAKAGE,Keep this source group in ONE split only. Do not allow the same source content in train and validation.
7,WhatsApp Video 2026-09-09 at 11.23.03 AM.mp4,validation,normal,MEDIUM - TRAIN/VALIDATION LEAKAGE,Keep this source group in ONE split only. Do not allow the same source content in train and validation.
8,WhatsApp Video 2026-09-08 at 9.35.21 PM (1).mp4,train,normal,HIGH - TRAIN/TEST LEAKAGE,Keep this source group in ONE split only. Do not allow the same source content in train and test.
8,WhatsApp Video 2026-09-08 at 9.36.31 PM.mp4,test,normal,HIGH - TRAIN/TEST LEAKAGE,Keep this source group in ONE split only. Do not allow the same source content in train and test.
9,WhatsApp Video 2026-09-09 at 11.22.04 AM.mp4,test,normal,HIGH - TRAIN/TEST LEAKAGE,Keep this source group in ONE split only. Do not allow the same source content in train and test.
9,WhatsApp Video 2026-09-09 at 11.22.12 AM.mp4,train,normal,HIGH - TRAIN/TEST LEAKAGE,Keep this source group in ONE split only. Do not allow the same source content in train and test.
