group_id,filename,split,class,status
1,WhatsApp Video 2026-09-08 at 3.35.00 PM (2).mp4,validation,normal,FOUND
1,WhatsApp Video 2026-09-08 at 3.35.00 PM.mp4,train,normal,FOUND
2,WhatsApp Video 2026-09-08 at 3.22.36 PM.mp4,train,accident,FOUND
2,WhatsApp Video 2026-09-09 at 10.21.43 PM (2).mp4,validation,accident,FOUND
3,WhatsApp Video 2026-09-09 at 11.20.42 AM.mp4,test,normal,FOUND
3,WhatsApp Video 2026-09-09 at 11.21.04 AM.mp4,train,normal,FOUND
4,WhatsApp Video 2026-09-09 at 11.19.58 AM.mp4,train,normal,FOUND
4,WhatsApp Video 2026-09-09 at 11.20.11 AM.mp4,train,normal,FOUND
4,WhatsApp Video 2026-09-09 at 11.20.36 AM.mp4,train,normal,FOUND
4,WhatsApp Video 2026-09-09 at 11.23.28 AM.mp4,validation,normal,FOUND
5,WhatsApp Video 2026-09-08 at 9.34.35 PM.mp4,test,normal,FOUND
5,WhatsApp Video 2026-09-08 at 9.36.39 PM.mp4,train,normal,FOUND
6,WhatsApp Video 2026-09-08 at 3.43.48 PM.mp4,train,normal,FOUND
6,WhatsApp Video 2026-09-09 at 11.20.02 AM.mp4,test,normal,FOUND
6,WhatsApp Video 2026-09-09 at 11.20.16 AM.mp4,train,normal,FOUND
7,WhatsApp Video 2026-09-09 at 11.23.00 AM.mp4,train,normal,FOUND
7,WhatsApp Video 2026-09-09 at 11.23.03 AM.mp4,validation,normal,FOUND
8,WhatsApp Video 2026-09-08 at 9.35.21 PM (1).mp4,train,normal,FOUND
8,WhatsApp Video 2026-09-08 at 9.36.31 PM.mp4,test,normal,FOUND
9,WhatsApp Video 2026-09-09 at 11.22.04 AM.mp4,test,normal,FOUND
9,WhatsApp Video 2026-09-09 at 11.22.12 AM.mp4,train,normal,FOUND
