split,class,label,source_video,sequence_index,sequence_file,fps,image_width,image_height,sequence_length
train,accident,1,WhatsApp Video 2026-09-08 at 3.17.04 PM.mp4,0,preprocessed\train_5fps\accident\WhatsApp Video 2026-09-08 at 3.17.04 PM_seq_0000.npz,5,128,128,16
train,accident,1,WhatsApp Video 2026-09-08 at 3.17.04 PM.mp4,1,preprocessed\train_5fps\accident\WhatsApp Video 2026-09-08 at 3.17.04 PM_seq_0001.npz,5,128,128,16
train,accident,1,WhatsApp Video 2026-09-08 at 3.17.05 PM.mp4,0,preprocessed\train_5fps\accident\WhatsApp Video 2026-09-08 at 3.17.05 PM_seq_0000.npz,5,128,128,16
train,accident,1,WhatsApp Video 2026-09-08 at 3.17.06 PM (1).mp4,0,preprocessed\train_5fps\accident\WhatsApp Video 2026-09-08 at 3.17.06 PM (1)_seq_0000.npz,5,128,128,16
train,accident,1,WhatsApp Video 2026-09-08 at 3.17.07 PM (1).mp4,0,preprocessed\train_5fps\accident\WhatsApp Video 2026-09-08 at 3.17.07 PM (1)_seq_0000.npz,5,128,128,16
train,accident,1,WhatsApp Video 2026-09-08 at 3.17.07 PM (2).mp4,0,preprocessed\train_5fps\accident\WhatsApp Video 2026-09-08 at 3.17.07 PM (2)_seq_0000.npz,5,128,128,16
train,accident,1,WhatsApp Video 2026-09-08 at 3.17.07 PM.mp4,0,preprocessed\train_5fps\accident\WhatsApp Video 2026-09-08 at 3.17.07 PM_seq_0000.npz,5,128,128,16
train,accident,1,WhatsApp Video 2026-09-08 at 3.17.07 PM.mp4,1,preprocessed\train_5fps\accident\WhatsApp Video 2026-09-08 at 3.17.07 PM_seq_0001.npz,5,128,128,16
train,accident,1,WhatsApp Video 2026-09-08 at 3.17.08 PM (1).mp4,0,preprocessed\train_5fps\accident\WhatsApp Video 2026-09-08 at 3.17.08 PM (1)_seq_0000.npz,5,128,128,16
train,accident,1,WhatsApp Video 2026-09-08 at 3.17.08 PM.mp4,0,preprocessed\train_5fps\accident\WhatsApp Video 2026-09-08 at 3.17.08 PM_seq_0000.npz,5,128,128,16
train,accident,1,WhatsApp Video 2026-09-08 at 3.17.09 PM (1).mp4,0,preprocessed\train_5fps\accident\WhatsApp Video 2026-09-08 at 3.17.09 PM (1)_seq_0000.npz,5,128,128,16
train,accident,1,WhatsApp Video 2026-09-08 at 3.17.09 PM.mp4,0,preprocessed\train_5fps\accident\WhatsApp Video 2026-09-08 at 3.17.09 PM_seq_0000.npz,5,128,128,16
train,accident,1,WhatsApp Video 2026-09-08 at 3.17.11 PM (1).mp4,0,preprocessed\train_5fps\accident\WhatsApp Video 2026-09-08 at 3.17.11 PM (1)_seq_0000.npz,5,128,128,16
train,accident,1,WhatsApp Video 2026-09-08 at 3.17.11 PM (2).mp4,0,preprocessed\train_5fps\accident\WhatsApp Video 2026-09-08 at 3.17.11 PM (2)_seq_0000.npz,5,128,128,16
train,accident,1,WhatsApp Video 2026-09-08 at 3.17.12 PM.mp4,0,preprocessed\train_5fps\accident\WhatsApp Video 2026-09-08 at 3.17.12 PM_seq_0000.npz,5,128,128,16
train,accident,1,WhatsApp Video 2026-09-08 at 3.22.35 PM.mp4,0,preprocessed\train_5fps\accident\WhatsApp Video 2026-09-08 at 3.22.35 PM_seq_0000.npz,5,128,128,16
train,accident,1,WhatsApp Video 2026-09-08 at 3.22.35 PM.mp4,1,preprocessed\train_5fps\accident\WhatsApp Video 2026-09-08 at 3.22.35 PM_seq_0001.npz,5,128,128,16
train,accident,1,WhatsApp Video 2026-09-08 at 3.22.36 PM (1).mp4,0,preprocessed\train_5fps\accident\WhatsApp Video 2026-09-08 at 3.22.36 PM (1)_seq_0000.npz,5,128,128,16
train,accident,1,WhatsApp Video 2026-09-08 at 3.22.36 PM (2).mp4,0,preprocessed\train_5fps\accident\WhatsApp Video 2026-09-08 at 3.22.36 PM (2)_seq_0000.npz,5,128,128,16
train,accident,1,WhatsApp Video 2026-09-08 at 3.22.37 PM (1).mp4,0,preprocessed\train_5fps\accident\WhatsApp Video 2026-09-08 at 3.22.37 PM (1)_seq_0000.npz,5,128,128,16
train,accident,1,WhatsApp Video 2026-09-08 at 3.22.37 PM (1).mp4,1,preprocessed\train_5fps\accident\WhatsApp Video 2026-09-08 at 3.22.37 PM (1)_seq_0001.npz,5,128,128,16
train,accident,1,WhatsApp Video 2026-09-08 at 3.22.37 PM (2).mp4,0,preprocessed\train_5fps\accident\WhatsApp Video 2026-09-08 at 3.22.37 PM (2)_seq_0000.npz,5,128,128,16
train,accident,1,WhatsApp Video 2026-09-08 at 3.22.38 PM (1).mp4,0,preprocessed\train_5fps\accident\WhatsApp Video 2026-09-08 at 3.22.38 PM (1)_seq_0000.npz,5,128,128,16
train,accident,1,WhatsApp Video 2026-09-08 at 3.22.38 PM (1).mp4,1,preprocessed\train_5fps\accident\WhatsApp Video 2026-09-08 at 3.22.38 PM (1)_seq_0001.npz,5,128,128,16
train,accident,1,WhatsApp Video 2026-09-08 at 3.22.39 PM.mp4,0,preprocessed\train_5fps\accident\WhatsApp Video 2026-09-08 at 3.22.39 PM_seq_0000.npz,5,128,128,16
train,accident,1,WhatsApp Video 2026-09-08 at 3.22.40 PM (2).mp4,0,preprocessed\train_5fps\accident\WhatsApp Video 2026-09-08 at 3.22.40 PM (2)_seq_0000.npz,5,128,128,16
train,accident,1,WhatsApp Video 2026-09-08 at 3.22.40 PM.mp4,0,preprocessed\train_5fps\accident\WhatsApp Video 2026-09-08 at 3.22.40 PM_seq_0000.npz,5,128,128,16
train,accident,1,WhatsApp Video 2026-09-08 at 3.22.40 PM.mp4,1,preprocessed\train_5fps\accident\WhatsApp Video 2026-09-08 at 3.22.40 PM_seq_0001.npz,5,128,128,16
train,accident,1,WhatsApp Video 2026-09-08 at 3.22.41 PM (1).mp4,0,preprocessed\train_5fps\accident\WhatsApp Video 2026-09-08 at 3.22.41 PM (1)_seq_0000.npz,5,128,128,16
train,accident,1,WhatsApp Video 2026-09-08 at 3.22.41 PM (1).mp4,1,preprocessed\train_5fps\accident\WhatsApp Video 2026-09-08 at 3.22.41 PM (1)_seq_0001.npz,5,128,128,16
train,accident,1,WhatsApp Video 2026-09-08 at 3.22.41 PM.mp4,0,preprocessed\train_5fps\accident\WhatsApp Video 2026-09-08 at 3.22.41 PM_seq_0000.npz,5,128,128,16
train,accident,1,WhatsApp Video 2026-09-08 at 3.22.41 PM.mp4,1,preprocessed\train_5fps\accident\WhatsApp Video 2026-09-08 at 3.22.41 PM_seq_0001.npz,5,128,128,16
train,accident,1,WhatsApp Video 2026-09-08 at 3.22.42 PM (2).mp4,0,preprocessed\train_5fps\accident\WhatsApp Video 2026-09-08 at 3.22.42 PM (2)_seq_0000.npz,5,128,128,16
train,accident,1,WhatsApp Video 2026-09-08 at 3.22.42 PM (2).mp4,1,preprocessed\train_5fps\accident\WhatsApp Video 2026-09-08 at 3.22.42 PM (2)_seq_0001.npz,5,128,128,16
train,accident,1,WhatsApp Video 2026-09-08 at 3.22.42 PM (2).mp4,2,preprocessed\train_5fps\accident\WhatsApp Video 2026-09-08 at 3.22.42 PM (2)_seq_0002.npz,5,128,128,16
train,accident,1,WhatsApp Video 2026-09-08 at 3.22.42 PM.mp4,0,preprocessed\train_5fps\accident\WhatsApp Video 2026-09-08 at 3.22.42 PM_seq_0000.npz,5,128,128,16
train,accident,1,WhatsApp Video 2026-09-08 at 3.22.42 PM.mp4,1,preprocessed\train_5fps\accident\WhatsApp Video 2026-09-08 at 3.22.42 PM_seq_0001.npz,5,128,128,16
train,accident,1,WhatsApp Video 2026-09-08 at 3.23.07 PM.mp4,0,preprocessed\train_5fps\accident\WhatsApp Video 2026-09-08 at 3.23.07 PM_seq_0000.npz,5,128,128,16
train,accident,1,WhatsApp Video 2026-09-08 at 3.33.40 PM.mp4,0,preprocessed\train_5fps\accident\WhatsApp Video 2026-09-08 at 3.33.40 PM_seq_0000.npz,5,128,128,16
train,accident,1,WhatsApp Video 2026-09-08 at 3.33.40 PM.mp4,1,preprocessed\train_5fps\accident\WhatsApp Video 2026-09-08 at 3.33.40 PM_seq_0001.npz,5,128,128,16
train,accident,1,WhatsApp Video 2026-09-08 at 3.33.42 PM (1).mp4,0,preprocessed\train_5fps\accident\WhatsApp Video 2026-09-08 at 3.33.42 PM (1)_seq_0000.npz,5,128,128,16
train,accident,1,WhatsApp Video 2026-09-08 at 3.33.42 PM (1).mp4,1,preprocessed\train_5fps\accident\WhatsApp Video 2026-09-08 at 3.33.42 PM (1)_seq_0001.npz,5,128,128,16
train,accident,1,WhatsApp Video 2026-09-08 at 3.33.42 PM (1).mp4,2,preprocessed\train_5fps\accident\WhatsApp Video 2026-09-08 at 3.33.42 PM (1)_seq_0002.npz,5,128,128,16
train,accident,1,WhatsApp Video 2026-09-08 at 3.33.42 PM (1).mp4,3,preprocessed\train_5fps\accident\WhatsApp Video 2026-09-08 at 3.33.42 PM (1)_seq_0003.npz,5,128,128,16
train,accident,1,WhatsApp Video 2026-09-08 at 3.33.42 PM (1).mp4,4,preprocessed\train_5fps\accident\WhatsApp Video 2026-09-08 at 3.33.42 PM (1)_seq_0004.npz,5,128,128,16
train,accident,1,WhatsApp Video 2026-09-08 at 3.33.42 PM (1).mp4,5,preprocessed\train_5fps\accident\WhatsApp Video 2026-09-08 at 3.33.42 PM (1)_seq_0005.npz,5,128,128,16
train,accident,1,WhatsApp Video 2026-09-08 at 3.33.42 PM (1).mp4,6,preprocessed\train_5fps\accident\WhatsApp Video 2026-09-08 at 3.33.42 PM (1)_seq_0006.npz,5,128,128,16
train,accident,1,WhatsApp Video 2026-09-08 at 3.33.42 PM (1).mp4,7,preprocessed\train_5fps\accident\WhatsApp Video 2026-09-08 at 3.33.42 PM (1)_seq_0007.npz,5,128,128,16
train,accident,1,WhatsApp Video 2026-09-08 at 3.33.42 PM (1).mp4,8,preprocessed\train_5fps\accident\WhatsApp Video 2026-09-08 at 3.33.42 PM (1)_seq_0008.npz,5,128,128,16
train,accident,1,WhatsApp Video 2026-09-08 at 3.33.42 PM.mp4,0,preprocessed\train_5fps\accident\WhatsApp Video 2026-09-08 at 3.33.42 PM_seq_0000.npz,5,128,128,16
train,accident,1,WhatsApp Video 2026-09-09 at 10.07.43 PM.mp4,0,preprocessed\train_5fps\accident\WhatsApp Video 2026-09-09 at 10.07.43 PM_seq_0000.npz,5,128,128,16
train,accident,1,WhatsApp Video 2026-09-09 at 10.07.43 PM.mp4,1,preprocessed\train_5fps\accident\WhatsApp Video 2026-09-09 at 10.07.43 PM_seq_0001.npz,5,128,128,16
train,accident,1,WhatsApp Video 2026-09-09 at 10.07.47 PM.mp4,0,preprocessed\train_5fps\accident\WhatsApp Video 2026-09-09 at 10.07.47 PM_seq_0000.npz,5,128,128,16
train,accident,1,WhatsApp Video 2026-09-09 at 10.07.47 PM.mp4,1,preprocessed\train_5fps\accident\WhatsApp Video 2026-09-09 at 10.07.47 PM_seq_0001.npz,5,128,128,16
train,accident,1,WhatsApp Video 2026-09-09 at 10.08.46 PM (1).mp4,0,preprocessed\train_5fps\accident\WhatsApp Video 2026-09-09 at 10.08.46 PM (1)_seq_0000.npz,5,128,128,16
train,accident,1,WhatsApp Video 2026-09-09 at 10.08.46 PM (1).mp4,1,preprocessed\train_5fps\accident\WhatsApp Video 2026-09-09 at 10.08.46 PM (1)_seq_0001.npz,5,128,128,16
train,accident,1,WhatsApp Video 2026-09-09 at 10.08.46 PM (2).mp4,0,preprocessed\train_5fps\accident\WhatsApp Video 2026-09-09 at 10.08.46 PM (2)_seq_0000.npz,5,128,128,16
train,accident,1,WhatsApp Video 2026-09-09 at 10.08.46 PM.mp4,0,preprocessed\train_5fps\accident\WhatsApp Video 2026-09-09 at 10.08.46 PM_seq_0000.npz,5,128,128,16
train,accident,1,WhatsApp Video 2026-09-09 at 10.08.47 PM (1).mp4,0,preprocessed\train_5fps\accident\WhatsApp Video 2026-09-09 at 10.08.47 PM (1)_seq_0000.npz,5,128,128,16
train,accident,1,WhatsApp Video 2026-09-09 at 10.08.47 PM (2).mp4,0,preprocessed\train_5fps\accident\WhatsApp Video 2026-09-09 at 10.08.47 PM (2)_seq_0000.npz,5,128,128,16
train,accident,1,WhatsApp Video 2026-09-09 at 10.08.48 PM (1).mp4,0,preprocessed\train_5fps\accident\WhatsApp Video 2026-09-09 at 10.08.48 PM (1)_seq_0000.npz,5,128,128,16
train,accident,1,WhatsApp Video 2026-09-09 at 10.20.31 PM.mp4,0,preprocessed\train_5fps\accident\WhatsApp Video 2026-09-09 at 10.20.31 PM_seq_0000.npz,5,128,128,16
train,accident,1,WhatsApp Video 2026-09-09 at 10.20.31 PM.mp4,1,preprocessed\train_5fps\accident\WhatsApp Video 2026-09-09 at 10.20.31 PM_seq_0001.npz,5,128,128,16
train,accident,1,WhatsApp Video 2026-09-09 at 10.20.34 PM.mp4,0,preprocessed\train_5fps\accident\WhatsApp Video 2026-09-09 at 10.20.34 PM_seq_0000.npz,5,128,128,16
train,accident,1,WhatsApp Video 2026-09-09 at 10.21.38 PM (1).mp4,0,preprocessed\train_5fps\accident\WhatsApp Video 2026-09-09 at 10.21.38 PM (1)_seq_0000.npz,5,128,128,16
train,accident,1,WhatsApp Video 2026-09-09 at 10.21.38 PM (1).mp4,1,preprocessed\train_5fps\accident\WhatsApp Video 2026-09-09 at 10.21.38 PM (1)_seq_0001.npz,5,128,128,16
train,accident,1,WhatsApp Video 2026-09-09 at 10.21.38 PM.mp4,0,preprocessed\train_5fps\accident\WhatsApp Video 2026-09-09 at 10.21.38 PM_seq_0000.npz,5,128,128,16
train,accident,1,WhatsApp Video 2026-09-09 at 10.21.39 PM (1).mp4,0,preprocessed\train_5fps\accident\WhatsApp Video 2026-09-09 at 10.21.39 PM (1)_seq_0000.npz,5,128,128,16
train,accident,1,WhatsApp Video 2026-09-09 at 10.21.39 PM (2).mp4,0,preprocessed\train_5fps\accident\WhatsApp Video 2026-09-09 at 10.21.39 PM (2)_seq_0000.npz,5,128,128,16
train,accident,1,WhatsApp Video 2026-09-09 at 10.21.39 PM.mp4,0,preprocessed\train_5fps\accident\WhatsApp Video 2026-09-09 at 10.21.39 PM_seq_0000.npz,5,128,128,16
train,accident,1,WhatsApp Video 2026-09-09 at 10.21.40 PM (1).mp4,0,preprocessed\train_5fps\accident\WhatsApp Video 2026-09-09 at 10.21.40 PM (1)_seq_0000.npz,5,128,128,16
train,accident,1,WhatsApp Video 2026-09-09 at 10.21.40 PM (1).mp4,1,preprocessed\train_5fps\accident\WhatsApp Video 2026-09-09 at 10.21.40 PM (1)_seq_0001.npz,5,128,128,16
train,accident,1,WhatsApp Video 2026-09-09 at 10.21.40 PM (2).mp4,0,preprocessed\train_5fps\accident\WhatsApp Video 2026-09-09 at 10.21.40 PM (2)_seq_0000.npz,5,128,128,16
train,accident,1,WhatsApp Video 2026-09-09 at 10.21.41 PM.mp4,0,preprocessed\train_5fps\accident\WhatsApp Video 2026-09-09 at 10.21.41 PM_seq_0000.npz,5,128,128,16
train,accident,1,WhatsApp Video 2026-09-09 at 10.21.42 PM (1).mp4,0,preprocessed\train_5fps\accident\WhatsApp Video 2026-09-09 at 10.21.42 PM (1)_seq_0000.npz,5,128,128,16
train,accident,1,WhatsApp Video 2026-09-09 at 10.21.42 PM (1).mp4,1,preprocessed\train_5fps\accident\WhatsApp Video 2026-09-09 at 10.21.42 PM (1)_seq_0001.npz,5,128,128,16
train,accident,1,WhatsApp Video 2026-09-09 at 10.21.43 PM.mp4,0,preprocessed\train_5fps\accident\WhatsApp Video 2026-09-09 at 10.21.43 PM_seq_0000.npz,5,128,128,16
train,accident,1,WhatsApp Video 2026-09-09 at 9.29.20 PM.mp4,0,preprocessed\train_5fps\accident\WhatsApp Video 2026-09-09 at 9.29.20 PM_seq_0000.npz,5,128,128,16
train,accident,1,WhatsApp Video 2026-09-09 at 9.29.41 PM.mp4,0,preprocessed\train_5fps\accident\WhatsApp Video 2026-09-09 at 9.29.41 PM_seq_0000.npz,5,128,128,16
train,accident,1,WhatsApp Video 2026-09-09 at 9.29.41 PM.mp4,1,preprocessed\train_5fps\accident\WhatsApp Video 2026-09-09 at 9.29.41 PM_seq_0001.npz,5,128,128,16
train,accident,1,WhatsApp Video 2026-09-09 at 9.29.42 PM (1).mp4,0,preprocessed\train_5fps\accident\WhatsApp Video 2026-09-09 at 9.29.42 PM (1)_seq_0000.npz,5,128,128,16
train,accident,1,WhatsApp Video 2026-09-09 at 9.59.45 PM.mp4,0,preprocessed\train_5fps\accident\WhatsApp Video 2026-09-09 at 9.59.45 PM_seq_0000.npz,5,128,128,16
train,accident,1,WhatsApp Video 2026-09-09 at 9.59.45 PM.mp4,1,preprocessed\train_5fps\accident\WhatsApp Video 2026-09-09 at 9.59.45 PM_seq_0001.npz,5,128,128,16
train,accident,1,WhatsApp Video 2026-09-09 at 9.59.58 PM.mp4,0,preprocessed\train_5fps\accident\WhatsApp Video 2026-09-09 at 9.59.58 PM_seq_0000.npz,5,128,128,16
train,normal,0,WhatsApp Video 2026-09-08 at 3.34.58 PM (2).mp4,0,preprocessed\train_5fps\normal\WhatsApp Video 2026-09-08 at 3.34.58 PM (2)_seq_0000.npz,5,128,128,16
train,normal,0,WhatsApp Video 2026-09-08 at 3.34.58 PM (2).mp4,1,preprocessed\train_5fps\normal\WhatsApp Video 2026-09-08 at 3.34.58 PM (2)_seq_0001.npz,5,128,128,16
train,normal,0,WhatsApp Video 2026-09-08 at 3.34.58 PM (2).mp4,2,preprocessed\train_5fps\normal\WhatsApp Video 2026-09-08 at 3.34.58 PM (2)_seq_0002.npz,5,128,128,16
train,normal,0,WhatsApp Video 2026-09-08 at 3.34.58 PM (2).mp4,3,preprocessed\train_5fps\normal\WhatsApp Video 2026-09-08 at 3.34.58 PM (2)_seq_0003.npz,5,128,128,16
train,normal,0,WhatsApp Video 2026-09-08 at 3.34.58 PM (2).mp4,4,preprocessed\train_5fps\normal\WhatsApp Video 2026-09-08 at 3.34.58 PM (2)_seq_0004.npz,5,128,128,16
train,normal,0,WhatsApp Video 2026-09-08 at 3.34.58 PM (2).mp4,5,preprocessed\train_5fps\normal\WhatsApp Video 2026-09-08 at 3.34.58 PM (2)_seq_0005.npz,5,128,128,16
train,normal,0,WhatsApp Video 2026-09-08 at 3.34.58 PM (2).mp4,6,preprocessed\train_5fps\normal\WhatsApp Video 2026-09-08 at 3.34.58 PM (2)_seq_0006.npz,5,128,128,16
train,normal,0,WhatsApp Video 2026-09-08 at 3.34.58 PM (2).mp4,7,preprocessed\train_5fps\normal\WhatsApp Video 2026-09-08 at 3.34.58 PM (2)_seq_0007.npz,5,128,128,16
train,normal,0,WhatsApp Video 2026-09-08 at 3.34.58 PM (2).mp4,8,preprocessed\train_5fps\normal\WhatsApp Video 2026-09-08 at 3.34.58 PM (2)_seq_0008.npz,5,128,128,16
train,normal,0,WhatsApp Video 2026-09-08 at 3.34.58 PM (2).mp4,9,preprocessed\train_5fps\normal\WhatsApp Video 2026-09-08 at 3.34.58 PM (2)_seq_0009.npz,5,128,128,16
train,normal,0,WhatsApp Video 2026-09-08 at 3.34.58 PM (2).mp4,10,preprocessed\train_5fps\normal\WhatsApp Video 2026-09-08 at 3.34.58 PM (2)_seq_0010.npz,5,128,128,16
train,normal,0,WhatsApp Video 2026-09-08 at 3.34.58 PM (2).mp4,11,preprocessed\train_5fps\normal\WhatsApp Video 2026-09-08 at 3.34.58 PM (2)_seq_0011.npz,5,128,128,16
train,normal,0,WhatsApp Video 2026-09-08 at 3.34.58 PM (2).mp4,12,preprocessed\train_5fps\normal\WhatsApp Video 2026-09-08 at 3.34.58 PM (2)_seq_0012.npz,5,128,128,16
train,normal,0,WhatsApp Video 2026-09-08 at 3.34.58 PM (2).mp4,13,preprocessed\train_5fps\normal\WhatsApp Video 2026-09-08 at 3.34.58 PM (2)_seq_0013.npz,5,128,128,16
train,normal,0,WhatsApp Video 2026-09-08 at 3.34.58 PM (2).mp4,14,preprocessed\train_5fps\normal\WhatsApp Video 2026-09-08 at 3.34.58 PM (2)_seq_0014.npz,5,128,128,16
train,normal,0,WhatsApp Video 2026-09-08 at 3.34.58 PM (2).mp4,15,preprocessed\train_5fps\normal\WhatsApp Video 2026-09-08 at 3.34.58 PM (2)_seq_0015.npz,5,128,128,16
train,normal,0,WhatsApp Video 2026-09-08 at 3.34.58 PM (2).mp4,16,preprocessed\train_5fps\normal\WhatsApp Video 2026-09-08 at 3.34.58 PM (2)_seq_0016.npz,5,128,128,16
train,normal,0,WhatsApp Video 2026-09-08 at 3.34.58 PM (2).mp4,17,preprocessed\train_5fps\normal\WhatsApp Video 2026-09-08 at 3.34.58 PM (2)_seq_0017.npz,5,128,128,16
train,normal,0,WhatsApp Video 2026-09-08 at 3.34.58 PM (2).mp4,18,preprocessed\train_5fps\normal\WhatsApp Video 2026-09-08 at 3.34.58 PM (2)_seq_0018.npz,5,128,128,16
train,normal,0,WhatsApp Video 2026-09-08 at 3.34.58 PM.mp4,0,preprocessed\train_5fps\normal\WhatsApp Video 2026-09-08 at 3.34.58 PM_seq_0000.npz,5,128,128,16
train,normal,0,WhatsApp Video 2026-09-08 at 3.34.58 PM.mp4,1,preprocessed\train_5fps\normal\WhatsApp Video 2026-09-08 at 3.34.58 PM_seq_0001.npz,5,128,128,16
train,normal,0,WhatsApp Video 2026-09-08 at 3.35.00 PM.mp4,0,preprocessed\train_5fps\normal\WhatsApp Video 2026-09-08 at 3.35.00 PM_seq_0000.npz,5,128,128,16
train,normal,0,WhatsApp Video 2026-09-08 at 3.35.00 PM.mp4,1,preprocessed\train_5fps\normal\WhatsApp Video 2026-09-08 at 3.35.00 PM_seq_0001.npz,5,128,128,16
train,normal,0,WhatsApp Video 2026-09-08 at 3.35.00 PM.mp4,2,preprocessed\train_5fps\normal\WhatsApp Video 2026-09-08 at 3.35.00 PM_seq_0002.npz,5,128,128,16
train,normal,0,WhatsApp Video 2026-09-08 at 3.35.00 PM.mp4,3,preprocessed\train_5fps\normal\WhatsApp Video 2026-09-08 at 3.35.00 PM_seq_0003.npz,5,128,128,16
train,normal,0,WhatsApp Video 2026-09-08 at 3.35.00 PM.mp4,4,preprocessed\train_5fps\normal\WhatsApp Video 2026-09-08 at 3.35.00 PM_seq_0004.npz,5,128,128,16
train,normal,0,WhatsApp Video 2026-09-08 at 3.35.00 PM.mp4,5,preprocessed\train_5fps\normal\WhatsApp Video 2026-09-08 at 3.35.00 PM_seq_0005.npz,5,128,128,16
train,normal,0,WhatsApp Video 2026-09-08 at 3.35.00 PM.mp4,6,preprocessed\train_5fps\normal\WhatsApp Video 2026-09-08 at 3.35.00 PM_seq_0006.npz,5,128,128,16
train,normal,0,WhatsApp Video 2026-09-08 at 3.35.00 PM.mp4,7,preprocessed\train_5fps\normal\WhatsApp Video 2026-09-08 at 3.35.00 PM_seq_0007.npz,5,128,128,16
train,normal,0,WhatsApp Video 2026-09-08 at 3.35.00 PM.mp4,8,preprocessed\train_5fps\normal\WhatsApp Video 2026-09-08 at 3.35.00 PM_seq_0008.npz,5,128,128,16
train,normal,0,WhatsApp Video 2026-09-08 at 3.35.00 PM.mp4,9,preprocessed\train_5fps\normal\WhatsApp Video 2026-09-08 at 3.35.00 PM_seq_0009.npz,5,128,128,16
train,normal,0,WhatsApp Video 2026-09-08 at 3.35.00 PM.mp4,10,preprocessed\train_5fps\normal\WhatsApp Video 2026-09-08 at 3.35.00 PM_seq_0010.npz,5,128,128,16
train,normal,0,WhatsApp Video 2026-09-08 at 3.35.00 PM.mp4,11,preprocessed\train_5fps\normal\WhatsApp Video 2026-09-08 at 3.35.00 PM_seq_0011.npz,5,128,128,16
train,normal,0,WhatsApp Video 2026-09-08 at 3.35.00 PM.mp4,12,preprocessed\train_5fps\normal\WhatsApp Video 2026-09-08 at 3.35.00 PM_seq_0012.npz,5,128,128,16
train,normal,0,WhatsApp Video 2026-09-08 at 3.35.00 PM.mp4,13,preprocessed\train_5fps\normal\WhatsApp Video 2026-09-08 at 3.35.00 PM_seq_0013.npz,5,128,128,16
train,normal,0,WhatsApp Video 2026-09-08 at 3.40.29 PM.mp4,0,preprocessed\train_5fps\normal\WhatsApp Video 2026-09-08 at 3.40.29 PM_seq_0000.npz,5,128,128,16
train,normal,0,WhatsApp Video 2026-09-08 at 3.40.29 PM.mp4,1,preprocessed\train_5fps\normal\WhatsApp Video 2026-09-08 at 3.40.29 PM_seq_0001.npz,5,128,128,16
train,normal,0,WhatsApp Video 2026-09-08 at 3.40.29 PM.mp4,2,preprocessed\train_5fps\normal\WhatsApp Video 2026-09-08 at 3.40.29 PM_seq_0002.npz,5,128,128,16
train,normal,0,WhatsApp Video 2026-09-08 at 3.43.48 PM.mp4,0,preprocessed\train_5fps\normal\WhatsApp Video 2026-09-08 at 3.43.48 PM_seq_0000.npz,5,128,128,16
train,normal,0,WhatsApp Video 2026-09-08 at 3.43.48 PM.mp4,1,preprocessed\train_5fps\normal\WhatsApp Video 2026-09-08 at 3.43.48 PM_seq_0001.npz,5,128,128,16
train,normal,0,WhatsApp Video 2026-09-08 at 3.43.48 PM.mp4,2,preprocessed\train_5fps\normal\WhatsApp Video 2026-09-08 at 3.43.48 PM_seq_0002.npz,5,128,128,16
train,normal,0,WhatsApp Video 2026-09-08 at 3.43.48 PM.mp4,3,preprocessed\train_5fps\normal\WhatsApp Video 2026-09-08 at 3.43.48 PM_seq_0003.npz,5,128,128,16
train,normal,0,WhatsApp Video 2026-09-08 at 3.43.48 PM.mp4,4,preprocessed\train_5fps\normal\WhatsApp Video 2026-09-08 at 3.43.48 PM_seq_0004.npz,5,128,128,16
train,normal,0,WhatsApp Video 2026-09-08 at 3.43.48 PM.mp4,5,preprocessed\train_5fps\normal\WhatsApp Video 2026-09-08 at 3.43.48 PM_seq_0005.npz,5,128,128,16
train,normal,0,WhatsApp Video 2026-09-08 at 3.45.17 PM.mp4,0,preprocessed\train_5fps\normal\WhatsApp Video 2026-09-08 at 3.45.17 PM_seq_0000.npz,5,128,128,16
train,normal,0,WhatsApp Video 2026-09-08 at 3.45.17 PM.mp4,1,preprocessed\train_5fps\normal\WhatsApp Video 2026-09-08 at 3.45.17 PM_seq_0001.npz,5,128,128,16
train,normal,0,WhatsApp Video 2026-09-08 at 3.45.17 PM.mp4,2,preprocessed\train_5fps\normal\WhatsApp Video 2026-09-08 at 3.45.17 PM_seq_0002.npz,5,128,128,16
train,normal,0,WhatsApp Video 2026-09-08 at 9.33.51 PM.mp4,0,preprocessed\train_5fps\normal\WhatsApp Video 2026-09-08 at 9.33.51 PM_seq_0000.npz,5,128,128,16
train,normal,0,WhatsApp Video 2026-09-08 at 9.33.51 PM.mp4,1,preprocessed\train_5fps\normal\WhatsApp Video 2026-09-08 at 9.33.51 PM_seq_0001.npz,5,128,128,16
train,normal,0,WhatsApp Video 2026-09-08 at 9.33.51 PM.mp4,2,preprocessed\train_5fps\normal\WhatsApp Video 2026-09-08 at 9.33.51 PM_seq_0002.npz,5,128,128,16
train,normal,0,WhatsApp Video 2026-09-08 at 9.33.51 PM.mp4,3,preprocessed\train_5fps\normal\WhatsApp Video 2026-09-08 at 9.33.51 PM_seq_0003.npz,5,128,128,16
train,normal,0,WhatsApp Video 2026-09-08 at 9.35.07 PM.mp4,0,preprocessed\train_5fps\normal\WhatsApp Video 2026-09-08 at 9.35.07 PM_seq_0000.npz,5,128,128,16
train,normal,0,WhatsApp Video 2026-09-08 at 9.35.07 PM.mp4,1,preprocessed\train_5fps\normal\WhatsApp Video 2026-09-08 at 9.35.07 PM_seq_0001.npz,5,128,128,16
train,normal,0,WhatsApp Video 2026-09-08 at 9.35.07 PM.mp4,2,preprocessed\train_5fps\normal\WhatsApp Video 2026-09-08 at 9.35.07 PM_seq_0002.npz,5,128,128,16
train,normal,0,WhatsApp Video 2026-09-08 at 9.35.07 PM.mp4,3,preprocessed\train_5fps\normal\WhatsApp Video 2026-09-08 at 9.35.07 PM_seq_0003.npz,5,128,128,16
train,normal,0,WhatsApp Video 2026-09-08 at 9.35.16 PM.mp4,0,preprocessed\train_5fps\normal\WhatsApp Video 2026-09-08 at 9.35.16 PM_seq_0000.npz,5,128,128,16
train,normal,0,WhatsApp Video 2026-09-08 at 9.35.16 PM.mp4,1,preprocessed\train_5fps\normal\WhatsApp Video 2026-09-08 at 9.35.16 PM_seq_0001.npz,5,128,128,16
train,normal,0,WhatsApp Video 2026-09-08 at 9.35.16 PM.mp4,2,preprocessed\train_5fps\normal\WhatsApp Video 2026-09-08 at 9.35.16 PM_seq_0002.npz,5,128,128,16
train,normal,0,WhatsApp Video 2026-09-08 at 9.35.16 PM.mp4,3,preprocessed\train_5fps\normal\WhatsApp Video 2026-09-08 at 9.35.16 PM_seq_0003.npz,5,128,128,16
train,normal,0,WhatsApp Video 2026-09-08 at 9.35.21 PM (1).mp4,0,preprocessed\train_5fps\normal\WhatsApp Video 2026-09-08 at 9.35.21 PM (1)_seq_0000.npz,5,128,128,16
train,normal,0,WhatsApp Video 2026-09-08 at 9.35.21 PM (1).mp4,1,preprocessed\train_5fps\normal\WhatsApp Video 2026-09-08 at 9.35.21 PM (1)_seq_0001.npz,5,128,128,16
train,normal,0,WhatsApp Video 2026-09-08 at 9.35.21 PM (1).mp4,2,preprocessed\train_5fps\normal\WhatsApp Video 2026-09-08 at 9.35.21 PM (1)_seq_0002.npz,5,128,128,16
train,normal,0,WhatsApp Video 2026-09-08 at 9.35.21 PM (1).mp4,3,preprocessed\train_5fps\normal\WhatsApp Video 2026-09-08 at 9.35.21 PM (1)_seq_0003.npz,5,128,128,16
train,normal,0,WhatsApp Video 2026-09-08 at 9.36.39 PM.mp4,0,preprocessed\train_5fps\normal\WhatsApp Video 2026-09-08 at 9.36.39 PM_seq_0000.npz,5,128,128,16
train,normal,0,WhatsApp Video 2026-09-08 at 9.36.39 PM.mp4,1,preprocessed\train_5fps\normal\WhatsApp Video 2026-09-08 at 9.36.39 PM_seq_0001.npz,5,128,128,16
train,normal,0,WhatsApp Video 2026-09-08 at 9.36.39 PM.mp4,2,preprocessed\train_5fps\normal\WhatsApp Video 2026-09-08 at 9.36.39 PM_seq_0002.npz,5,128,128,16
train,normal,0,WhatsApp Video 2026-09-08 at 9.36.39 PM.mp4,3,preprocessed\train_5fps\normal\WhatsApp Video 2026-09-08 at 9.36.39 PM_seq_0003.npz,5,128,128,16
train,normal,0,WhatsApp Video 2026-09-08 at 9.36.59 PM.mp4,0,preprocessed\train_5fps\normal\WhatsApp Video 2026-09-08 at 9.36.59 PM_seq_0000.npz,5,128,128,16
train,normal,0,WhatsApp Video 2026-09-08 at 9.36.59 PM.mp4,1,preprocessed\train_5fps\normal\WhatsApp Video 2026-09-08 at 9.36.59 PM_seq_0001.npz,5,128,128,16
train,normal,0,WhatsApp Video 2026-09-08 at 9.36.59 PM.mp4,2,preprocessed\train_5fps\normal\WhatsApp Video 2026-09-08 at 9.36.59 PM_seq_0002.npz,5,128,128,16
train,normal,0,WhatsApp Video 2026-09-08 at 9.36.59 PM.mp4,3,preprocessed\train_5fps\normal\WhatsApp Video 2026-09-08 at 9.36.59 PM_seq_0003.npz,5,128,128,16
train,normal,0,WhatsApp Video 2026-09-09 at 11.19.53 AM.mp4,0,preprocessed\train_5fps\normal\WhatsApp Video 2026-09-09 at 11.19.53 AM_seq_0000.npz,5,128,128,16
train,normal,0,WhatsApp Video 2026-09-09 at 11.19.53 AM.mp4,1,preprocessed\train_5fps\normal\WhatsApp Video 2026-09-09 at 11.19.53 AM_seq_0001.npz,5,128,128,16
train,normal,0,WhatsApp Video 2026-09-09 at 11.19.53 AM.mp4,2,preprocessed\train_5fps\normal\WhatsApp Video 2026-09-09 at 11.19.53 AM_seq_0002.npz,5,128,128,16
train,normal,0,WhatsApp Video 2026-09-09 at 11.19.53 AM.mp4,3,preprocessed\train_5fps\normal\WhatsApp Video 2026-09-09 at 11.19.53 AM_seq_0003.npz,5,128,128,16
train,normal,0,WhatsApp Video 2026-09-09 at 11.19.53 AM.mp4,4,preprocessed\train_5fps\normal\WhatsApp Video 2026-09-09 at 11.19.53 AM_seq_0004.npz,5,128,128,16
train,normal,0,WhatsApp Video 2026-09-09 at 11.19.53 AM.mp4,5,preprocessed\train_5fps\normal\WhatsApp Video 2026-09-09 at 11.19.53 AM_seq_0005.npz,5,128,128,16
train,normal,0,WhatsApp Video 2026-09-09 at 11.19.58 AM.mp4,0,preprocessed\train_5fps\normal\WhatsApp Video 2026-09-09 at 11.19.58 AM_seq_0000.npz,5,128,128,16
train,normal,0,WhatsApp Video 2026-09-09 at 11.19.58 AM.mp4,1,preprocessed\train_5fps\normal\WhatsApp Video 2026-09-09 at 11.19.58 AM_seq_0001.npz,5,128,128,16
train,normal,0,WhatsApp Video 2026-09-09 at 11.19.58 AM.mp4,2,preprocessed\train_5fps\normal\WhatsApp Video 2026-09-09 at 11.19.58 AM_seq_0002.npz,5,128,128,16
train,normal,0,WhatsApp Video 2026-09-09 at 11.19.58 AM.mp4,3,preprocessed\train_5fps\normal\WhatsApp Video 2026-09-09 at 11.19.58 AM_seq_0003.npz,5,128,128,16
train,normal,0,WhatsApp Video 2026-09-09 at 11.19.58 AM.mp4,4,preprocessed\train_5fps\normal\WhatsApp Video 2026-09-09 at 11.19.58 AM_seq_0004.npz,5,128,128,16
train,normal,0,WhatsApp Video 2026-09-09 at 11.19.58 AM.mp4,5,preprocessed\train_5fps\normal\WhatsApp Video 2026-09-09 at 11.19.58 AM_seq_0005.npz,5,128,128,16
train,normal,0,WhatsApp Video 2026-09-09 at 11.20.08 AM.mp4,0,preprocessed\train_5fps\normal\WhatsApp Video 2026-09-09 at 11.20.08 AM_seq_0000.npz,5,128,128,16
train,normal,0,WhatsApp Video 2026-09-09 at 11.20.08 AM.mp4,1,preprocessed\train_5fps\normal\WhatsApp Video 2026-09-09 at 11.20.08 AM_seq_0001.npz,5,128,128,16
train,normal,0,WhatsApp Video 2026-09-09 at 11.20.08 AM.mp4,2,preprocessed\train_5fps\normal\WhatsApp Video 2026-09-09 at 11.20.08 AM_seq_0002.npz,5,128,128,16
train,normal,0,WhatsApp Video 2026-09-09 at 11.20.08 AM.mp4,3,preprocessed\train_5fps\normal\WhatsApp Video 2026-09-09 at 11.20.08 AM_seq_0003.npz,5,128,128,16
train,normal,0,WhatsApp Video 2026-09-09 at 11.20.08 AM.mp4,4,preprocessed\train_5fps\normal\WhatsApp Video 2026-09-09 at 11.20.08 AM_seq_0004.npz,5,128,128,16
train,normal,0,WhatsApp Video 2026-09-09 at 11.20.08 AM.mp4,5,preprocessed\train_5fps\normal\WhatsApp Video 2026-09-09 at 11.20.08 AM_seq_0005.npz,5,128,128,16
train,normal,0,WhatsApp Video 2026-09-09 at 11.20.11 AM.mp4,0,preprocessed\train_5fps\normal\WhatsApp Video 2026-09-09 at 11.20.11 AM_seq_0000.npz,5,128,128,16
train,normal,0,WhatsApp Video 2026-09-09 at 11.20.11 AM.mp4,1,preprocessed\train_5fps\normal\WhatsApp Video 2026-09-09 at 11.20.11 AM_seq_0001.npz,5,128,128,16
train,normal,0,WhatsApp Video 2026-09-09 at 11.20.11 AM.mp4,2,preprocessed\train_5fps\normal\WhatsApp Video 2026-09-09 at 11.20.11 AM_seq_0002.npz,5,128,128,16
train,normal,0,WhatsApp Video 2026-09-09 at 11.20.11 AM.mp4,3,preprocessed\train_5fps\normal\WhatsApp Video 2026-09-09 at 11.20.11 AM_seq_0003.npz,5,128,128,16
train,normal,0,WhatsApp Video 2026-09-09 at 11.20.11 AM.mp4,4,preprocessed\train_5fps\normal\WhatsApp Video 2026-09-09 at 11.20.11 AM_seq_0004.npz,5,128,128,16
train,normal,0,WhatsApp Video 2026-09-09 at 11.20.11 AM.mp4,5,preprocessed\train_5fps\normal\WhatsApp Video 2026-09-09 at 11.20.11 AM_seq_0005.npz,5,128,128,16
train,normal,0,WhatsApp Video 2026-09-09 at 11.20.16 AM.mp4,0,preprocessed\train_5fps\normal\WhatsApp Video 2026-09-09 at 11.20.16 AM_seq_0000.npz,5,128,128,16
train,normal,0,WhatsApp Video 2026-09-09 at 11.20.16 AM.mp4,1,preprocessed\train_5fps\normal\WhatsApp Video 2026-09-09 at 11.20.16 AM_seq_0001.npz,5,128,128,16
train,normal,0,WhatsApp Video 2026-09-09 at 11.20.16 AM.mp4,2,preprocessed\train_5fps\normal\WhatsApp Video 2026-09-09 at 11.20.16 AM_seq_0002.npz,5,128,128,16
train,normal,0,WhatsApp Video 2026-09-09 at 11.20.16 AM.mp4,3,preprocessed\train_5fps\normal\WhatsApp Video 2026-09-09 at 11.20.16 AM_seq_0003.npz,5,128,128,16
train,normal,0,WhatsApp Video 2026-09-09 at 11.20.16 AM.mp4,4,preprocessed\train_5fps\normal\WhatsApp Video 2026-09-09 at 11.20.16 AM_seq_0004.npz,5,128,128,16
train,normal,0,WhatsApp Video 2026-09-09 at 11.20.16 AM.mp4,5,preprocessed\train_5fps\normal\WhatsApp Video 2026-09-09 at 11.20.16 AM_seq_0005.npz,5,128,128,16
train,normal,0,WhatsApp Video 2026-09-09 at 11.20.26 AM.mp4,0,preprocessed\train_5fps\normal\WhatsApp Video 2026-09-09 at 11.20.26 AM_seq_0000.npz,5,128,128,16
train,normal,0,WhatsApp Video 2026-09-09 at 11.20.26 AM.mp4,1,preprocessed\train_5fps\normal\WhatsApp Video 2026-09-09 at 11.20.26 AM_seq_0001.npz,5,128,128,16
train,normal,0,WhatsApp Video 2026-09-09 at 11.20.26 AM.mp4,2,preprocessed\train_5fps\normal\WhatsApp Video 2026-09-09 at 11.20.26 AM_seq_0002.npz,5,128,128,16
train,normal,0,WhatsApp Video 2026-09-09 at 11.20.26 AM.mp4,3,preprocessed\train_5fps\normal\WhatsApp Video 2026-09-09 at 11.20.26 AM_seq_0003.npz,5,128,128,16
train,normal,0,WhatsApp Video 2026-09-09 at 11.20.26 AM.mp4,4,preprocessed\train_5fps\normal\WhatsApp Video 2026-09-09 at 11.20.26 AM_seq_0004.npz,5,128,128,16
train,normal,0,WhatsApp Video 2026-09-09 at 11.20.31 AM.mp4,0,preprocessed\train_5fps\normal\WhatsApp Video 2026-09-09 at 11.20.31 AM_seq_0000.npz,5,128,128,16
train,normal,0,WhatsApp Video 2026-09-09 at 11.20.31 AM.mp4,1,preprocessed\train_5fps\normal\WhatsApp Video 2026-09-09 at 11.20.31 AM_seq_0001.npz,5,128,128,16
train,normal,0,WhatsApp Video 2026-09-09 at 11.20.31 AM.mp4,2,preprocessed\train_5fps\normal\WhatsApp Video 2026-09-09 at 11.20.31 AM_seq_0002.npz,5,128,128,16
train,normal,0,WhatsApp Video 2026-09-09 at 11.20.31 AM.mp4,3,preprocessed\train_5fps\normal\WhatsApp Video 2026-09-09 at 11.20.31 AM_seq_0003.npz,5,128,128,16
train,normal,0,WhatsApp Video 2026-09-09 at 11.20.31 AM.mp4,4,preprocessed\train_5fps\normal\WhatsApp Video 2026-09-09 at 11.20.31 AM_seq_0004.npz,5,128,128,16
train,normal,0,WhatsApp Video 2026-09-09 at 11.20.31 AM.mp4,5,preprocessed\train_5fps\normal\WhatsApp Video 2026-09-09 at 11.20.31 AM_seq_0005.npz,5,128,128,16
train,normal,0,WhatsApp Video 2026-09-09 at 11.20.36 AM.mp4,0,preprocessed\train_5fps\normal\WhatsApp Video 2026-09-09 at 11.20.36 AM_seq_0000.npz,5,128,128,16
train,normal,0,WhatsApp Video 2026-09-09 at 11.20.36 AM.mp4,1,preprocessed\train_5fps\normal\WhatsApp Video 2026-09-09 at 11.20.36 AM_seq_0001.npz,5,128,128,16
train,normal,0,WhatsApp Video 2026-09-09 at 11.20.36 AM.mp4,2,preprocessed\train_5fps\normal\WhatsApp Video 2026-09-09 at 11.20.36 AM_seq_0002.npz,5,128,128,16
train,normal,0,WhatsApp Video 2026-09-09 at 11.20.36 AM.mp4,3,preprocessed\train_5fps\normal\WhatsApp Video 2026-09-09 at 11.20.36 AM_seq_0003.npz,5,128,128,16
train,normal,0,WhatsApp Video 2026-09-09 at 11.20.36 AM.mp4,4,preprocessed\train_5fps\normal\WhatsApp Video 2026-09-09 at 11.20.36 AM_seq_0004.npz,5,128,128,16
train,normal,0,WhatsApp Video 2026-09-09 at 11.20.50 AM.mp4,0,preprocessed\train_5fps\normal\WhatsApp Video 2026-09-09 at 11.20.50 AM_seq_0000.npz,5,128,128,16
train,normal,0,WhatsApp Video 2026-09-09 at 11.20.50 AM.mp4,1,preprocessed\train_5fps\normal\WhatsApp Video 2026-09-09 at 11.20.50 AM_seq_0001.npz,5,128,128,16
train,normal,0,WhatsApp Video 2026-09-09 at 11.20.50 AM.mp4,2,preprocessed\train_5fps\normal\WhatsApp Video 2026-09-09 at 11.20.50 AM_seq_0002.npz,5,128,128,16
train,normal,0,WhatsApp Video 2026-09-09 at 11.20.50 AM.mp4,3,preprocessed\train_5fps\normal\WhatsApp Video 2026-09-09 at 11.20.50 AM_seq_0003.npz,5,128,128,16
train,normal,0,WhatsApp Video 2026-09-09 at 11.20.50 AM.mp4,4,preprocessed\train_5fps\normal\WhatsApp Video 2026-09-09 at 11.20.50 AM_seq_0004.npz,5,128,128,16
train,normal,0,WhatsApp Video 2026-09-09 at 11.20.50 AM.mp4,5,preprocessed\train_5fps\normal\WhatsApp Video 2026-09-09 at 11.20.50 AM_seq_0005.npz,5,128,128,16
train,normal,0,WhatsApp Video 2026-09-09 at 11.20.57 AM.mp4,0,preprocessed\train_5fps\normal\WhatsApp Video 2026-09-09 at 11.20.57 AM_seq_0000.npz,5,128,128,16
train,normal,0,WhatsApp Video 2026-09-09 at 11.20.57 AM.mp4,1,preprocessed\train_5fps\normal\WhatsApp Video 2026-09-09 at 11.20.57 AM_seq_0001.npz,5,128,128,16
train,normal,0,WhatsApp Video 2026-09-09 at 11.20.57 AM.mp4,2,preprocessed\train_5fps\normal\WhatsApp Video 2026-09-09 at 11.20.57 AM_seq_0002.npz,5,128,128,16
train,normal,0,WhatsApp Video 2026-09-09 at 11.20.57 AM.mp4,3,preprocessed\train_5fps\normal\WhatsApp Video 2026-09-09 at 11.20.57 AM_seq_0003.npz,5,128,128,16
train,normal,0,WhatsApp Video 2026-09-09 at 11.20.57 AM.mp4,4,preprocessed\train_5fps\normal\WhatsApp Video 2026-09-09 at 11.20.57 AM_seq_0004.npz,5,128,128,16
train,normal,0,WhatsApp Video 2026-09-09 at 11.20.57 AM.mp4,5,preprocessed\train_5fps\normal\WhatsApp Video 2026-09-09 at 11.20.57 AM_seq_0005.npz,5,128,128,16
train,normal,0,WhatsApp Video 2026-09-09 at 11.21.01 AM.mp4,0,preprocessed\train_5fps\normal\WhatsApp Video 2026-09-09 at 11.21.01 AM_seq_0000.npz,5,128,128,16
train,normal,0,WhatsApp Video 2026-09-09 at 11.21.01 AM.mp4,1,preprocessed\train_5fps\normal\WhatsApp Video 2026-09-09 at 11.21.01 AM_seq_0001.npz,5,128,128,16
train,normal,0,WhatsApp Video 2026-09-09 at 11.21.01 AM.mp4,2,preprocessed\train_5fps\normal\WhatsApp Video 2026-09-09 at 11.21.01 AM_seq_0002.npz,5,128,128,16
train,normal,0,WhatsApp Video 2026-09-09 at 11.21.01 AM.mp4,3,preprocessed\train_5fps\normal\WhatsApp Video 2026-09-09 at 11.21.01 AM_seq_0003.npz,5,128,128,16
train,normal,0,WhatsApp Video 2026-09-09 at 11.21.01 AM.mp4,4,preprocessed\train_5fps\normal\WhatsApp Video 2026-09-09 at 11.21.01 AM_seq_0004.npz,5,128,128,16
train,normal,0,WhatsApp Video 2026-09-09 at 11.21.01 AM.mp4,5,preprocessed\train_5fps\normal\WhatsApp Video 2026-09-09 at 11.21.01 AM_seq_0005.npz,5,128,128,16
train,normal,0,WhatsApp Video 2026-09-09 at 11.21.04 AM.mp4,0,preprocessed\train_5fps\normal\WhatsApp Video 2026-09-09 at 11.21.04 AM_seq_0000.npz,5,128,128,16
train,normal,0,WhatsApp Video 2026-09-09 at 11.21.04 AM.mp4,1,preprocessed\train_5fps\normal\WhatsApp Video 2026-09-09 at 11.21.04 AM_seq_0001.npz,5,128,128,16
train,normal,0,WhatsApp Video 2026-09-09 at 11.21.04 AM.mp4,2,preprocessed\train_5fps\normal\WhatsApp Video 2026-09-09 at 11.21.04 AM_seq_0002.npz,5,128,128,16
train,normal,0,WhatsApp Video 2026-09-09 at 11.21.04 AM.mp4,3,preprocessed\train_5fps\normal\WhatsApp Video 2026-09-09 at 11.21.04 AM_seq_0003.npz,5,128,128,16
train,normal,0,WhatsApp Video 2026-09-09 at 11.21.04 AM.mp4,4,preprocessed\train_5fps\normal\WhatsApp Video 2026-09-09 at 11.21.04 AM_seq_0004.npz,5,128,128,16
train,normal,0,WhatsApp Video 2026-09-09 at 11.21.04 AM.mp4,5,preprocessed\train_5fps\normal\WhatsApp Video 2026-09-09 at 11.21.04 AM_seq_0005.npz,5,128,128,16
train,normal,0,WhatsApp Video 2026-09-09 at 11.21.07 AM.mp4,0,preprocessed\train_5fps\normal\WhatsApp Video 2026-09-09 at 11.21.07 AM_seq_0000.npz,5,128,128,16
train,normal,0,WhatsApp Video 2026-09-09 at 11.21.07 AM.mp4,1,preprocessed\train_5fps\normal\WhatsApp Video 2026-09-09 at 11.21.07 AM_seq_0001.npz,5,128,128,16
train,normal,0,WhatsApp Video 2026-09-09 at 11.21.07 AM.mp4,2,preprocessed\train_5fps\normal\WhatsApp Video 2026-09-09 at 11.21.07 AM_seq_0002.npz,5,128,128,16
train,normal,0,WhatsApp Video 2026-09-09 at 11.21.07 AM.mp4,3,preprocessed\train_5fps\normal\WhatsApp Video 2026-09-09 at 11.21.07 AM_seq_0003.npz,5,128,128,16
train,normal,0,WhatsApp Video 2026-09-09 at 11.21.07 AM.mp4,4,preprocessed\train_5fps\normal\WhatsApp Video 2026-09-09 at 11.21.07 AM_seq_0004.npz,5,128,128,16
train,normal,0,WhatsApp Video 2026-09-09 at 11.21.07 AM.mp4,5,preprocessed\train_5fps\normal\WhatsApp Video 2026-09-09 at 11.21.07 AM_seq_0005.npz,5,128,128,16
train,normal,0,WhatsApp Video 2026-09-09 at 11.21.13 AM.mp4,0,preprocessed\train_5fps\normal\WhatsApp Video 2026-09-09 at 11.21.13 AM_seq_0000.npz,5,128,128,16
train,normal,0,WhatsApp Video 2026-09-09 at 11.21.13 AM.mp4,1,preprocessed\train_5fps\normal\WhatsApp Video 2026-09-09 at 11.21.13 AM_seq_0001.npz,5,128,128,16
train,normal,0,WhatsApp Video 2026-09-09 at 11.21.13 AM.mp4,2,preprocessed\train_5fps\normal\WhatsApp Video 2026-09-09 at 11.21.13 AM_seq_0002.npz,5,128,128,16
train,normal,0,WhatsApp Video 2026-09-09 at 11.21.13 AM.mp4,3,preprocessed\train_5fps\normal\WhatsApp Video 2026-09-09 at 11.21.13 AM_seq_0003.npz,5,128,128,16
train,normal,0,WhatsApp Video 2026-09-09 at 11.21.13 AM.mp4,4,preprocessed\train_5fps\normal\WhatsApp Video 2026-09-09 at 11.21.13 AM_seq_0004.npz,5,128,128,16
train,normal,0,WhatsApp Video 2026-09-09 at 11.21.16 AM.mp4,0,preprocessed\train_5fps\normal\WhatsApp Video 2026-09-09 at 11.21.16 AM_seq_0000.npz,5,128,128,16
train,normal,0,WhatsApp Video 2026-09-09 at 11.21.16 AM.mp4,1,preprocessed\train_5fps\normal\WhatsApp Video 2026-09-09 at 11.21.16 AM_seq_0001.npz,5,128,128,16
train,normal,0,WhatsApp Video 2026-09-09 at 11.21.16 AM.mp4,2,preprocessed\train_5fps\normal\WhatsApp Video 2026-09-09 at 11.21.16 AM_seq_0002.npz,5,128,128,16
train,normal,0,WhatsApp Video 2026-09-09 at 11.21.16 AM.mp4,3,preprocessed\train_5fps\normal\WhatsApp Video 2026-09-09 at 11.21.16 AM_seq_0003.npz,5,128,128,16
train,normal,0,WhatsApp Video 2026-09-09 at 11.21.16 AM.mp4,4,preprocessed\train_5fps\normal\WhatsApp Video 2026-09-09 at 11.21.16 AM_seq_0004.npz,5,128,128,16
train,normal,0,WhatsApp Video 2026-09-09 at 11.21.16 AM.mp4,5,preprocessed\train_5fps\normal\WhatsApp Video 2026-09-09 at 11.21.16 AM_seq_0005.npz,5,128,128,16
train,normal,0,WhatsApp Video 2026-09-09 at 11.21.22 AM.mp4,0,preprocessed\train_5fps\normal\WhatsApp Video 2026-09-09 at 11.21.22 AM_seq_0000.npz,5,128,128,16
train,normal,0,WhatsApp Video 2026-09-09 at 11.21.22 AM.mp4,1,preprocessed\train_5fps\normal\WhatsApp Video 2026-09-09 at 11.21.22 AM_seq_0001.npz,5,128,128,16
train,normal,0,WhatsApp Video 2026-09-09 at 11.21.22 AM.mp4,2,preprocessed\train_5fps\normal\WhatsApp Video 2026-09-09 at 11.21.22 AM_seq_0002.npz,5,128,128,16
train,normal,0,WhatsApp Video 2026-09-09 at 11.21.22 AM.mp4,3,preprocessed\train_5fps\normal\WhatsApp Video 2026-09-09 at 11.21.22 AM_seq_0003.npz,5,128,128,16
train,normal,0,WhatsApp Video 2026-09-09 at 11.21.22 AM.mp4,4,preprocessed\train_5fps\normal\WhatsApp Video 2026-09-09 at 11.21.22 AM_seq_0004.npz,5,128,128,16
train,normal,0,WhatsApp Video 2026-09-09 at 11.21.32 AM.mp4,0,preprocessed\train_5fps\normal\WhatsApp Video 2026-09-09 at 11.21.32 AM_seq_0000.npz,5,128,128,16
train,normal,0,WhatsApp Video 2026-09-09 at 11.21.32 AM.mp4,1,preprocessed\train_5fps\normal\WhatsApp Video 2026-09-09 at 11.21.32 AM_seq_0001.npz,5,128,128,16
train,normal,0,WhatsApp Video 2026-09-09 at 11.21.32 AM.mp4,2,preprocessed\train_5fps\normal\WhatsApp Video 2026-09-09 at 11.21.32 AM_seq_0002.npz,5,128,128,16
train,normal,0,WhatsApp Video 2026-09-09 at 11.21.32 AM.mp4,3,preprocessed\train_5fps\normal\WhatsApp Video 2026-09-09 at 11.21.32 AM_seq_0003.npz,5,128,128,16
train,normal,0,WhatsApp Video 2026-09-09 at 11.21.32 AM.mp4,4,preprocessed\train_5fps\normal\WhatsApp Video 2026-09-09 at 11.21.32 AM_seq_0004.npz,5,128,128,16
train,normal,0,WhatsApp Video 2026-09-09 at 11.21.32 AM.mp4,5,preprocessed\train_5fps\normal\WhatsApp Video 2026-09-09 at 11.21.32 AM_seq_0005.npz,5,128,128,16
train,normal,0,WhatsApp Video 2026-09-09 at 11.21.43 AM.mp4,0,preprocessed\train_5fps\normal\WhatsApp Video 2026-09-09 at 11.21.43 AM_seq_0000.npz,5,128,128,16
train,normal,0,WhatsApp Video 2026-09-09 at 11.21.43 AM.mp4,1,preprocessed\train_5fps\normal\WhatsApp Video 2026-09-09 at 11.21.43 AM_seq_0001.npz,5,128,128,16
train,normal,0,WhatsApp Video 2026-09-09 at 11.21.43 AM.mp4,2,preprocessed\train_5fps\normal\WhatsApp Video 2026-09-09 at 11.21.43 AM_seq_0002.npz,5,128,128,16
train,normal,0,WhatsApp Video 2026-09-09 at 11.21.43 AM.mp4,3,preprocessed\train_5fps\normal\WhatsApp Video 2026-09-09 at 11.21.43 AM_seq_0003.npz,5,128,128,16
train,normal,0,WhatsApp Video 2026-09-09 at 11.21.43 AM.mp4,4,preprocessed\train_5fps\normal\WhatsApp Video 2026-09-09 at 11.21.43 AM_seq_0004.npz,5,128,128,16
train,normal,0,WhatsApp Video 2026-09-09 at 11.21.43 AM.mp4,5,preprocessed\train_5fps\normal\WhatsApp Video 2026-09-09 at 11.21.43 AM_seq_0005.npz,5,128,128,16
train,normal,0,WhatsApp Video 2026-09-09 at 11.21.59 AM.mp4,0,preprocessed\train_5fps\normal\WhatsApp Video 2026-09-09 at 11.21.59 AM_seq_0000.npz,5,128,128,16
train,normal,0,WhatsApp Video 2026-09-09 at 11.21.59 AM.mp4,1,preprocessed\train_5fps\normal\WhatsApp Video 2026-09-09 at 11.21.59 AM_seq_0001.npz,5,128,128,16
train,normal,0,WhatsApp Video 2026-09-09 at 11.21.59 AM.mp4,2,preprocessed\train_5fps\normal\WhatsApp Video 2026-09-09 at 11.21.59 AM_seq_0002.npz,5,128,128,16
train,normal,0,WhatsApp Video 2026-09-09 at 11.21.59 AM.mp4,3,preprocessed\train_5fps\normal\WhatsApp Video 2026-09-09 at 11.21.59 AM_seq_0003.npz,5,128,128,16
train,normal,0,WhatsApp Video 2026-09-09 at 11.21.59 AM.mp4,4,preprocessed\train_5fps\normal\WhatsApp Video 2026-09-09 at 11.21.59 AM_seq_0004.npz,5,128,128,16
train,normal,0,WhatsApp Video 2026-09-09 at 11.21.59 AM.mp4,5,preprocessed\train_5fps\normal\WhatsApp Video 2026-09-09 at 11.21.59 AM_seq_0005.npz,5,128,128,16
train,normal,0,WhatsApp Video 2026-09-09 at 11.22.06 AM.mp4,0,preprocessed\train_5fps\normal\WhatsApp Video 2026-09-09 at 11.22.06 AM_seq_0000.npz,5,128,128,16
train,normal,0,WhatsApp Video 2026-09-09 at 11.22.06 AM.mp4,1,preprocessed\train_5fps\normal\WhatsApp Video 2026-09-09 at 11.22.06 AM_seq_0001.npz,5,128,128,16
train,normal,0,WhatsApp Video 2026-09-09 at 11.22.06 AM.mp4,2,preprocessed\train_5fps\normal\WhatsApp Video 2026-09-09 at 11.22.06 AM_seq_0002.npz,5,128,128,16
train,normal,0,WhatsApp Video 2026-09-09 at 11.22.06 AM.mp4,3,preprocessed\train_5fps\normal\WhatsApp Video 2026-09-09 at 11.22.06 AM_seq_0003.npz,5,128,128,16
train,normal,0,WhatsApp Video 2026-09-09 at 11.22.06 AM.mp4,4,preprocessed\train_5fps\normal\WhatsApp Video 2026-09-09 at 11.22.06 AM_seq_0004.npz,5,128,128,16
train,normal,0,WhatsApp Video 2026-09-09 at 11.22.06 AM.mp4,5,preprocessed\train_5fps\normal\WhatsApp Video 2026-09-09 at 11.22.06 AM_seq_0005.npz,5,128,128,16
train,normal,0,WhatsApp Video 2026-09-09 at 11.22.08 AM.mp4,0,preprocessed\train_5fps\normal\WhatsApp Video 2026-09-09 at 11.22.08 AM_seq_0000.npz,5,128,128,16
train,normal,0,WhatsApp Video 2026-09-09 at 11.22.08 AM.mp4,1,preprocessed\train_5fps\normal\WhatsApp Video 2026-09-09 at 11.22.08 AM_seq_0001.npz,5,128,128,16
train,normal,0,WhatsApp Video 2026-09-09 at 11.22.08 AM.mp4,2,preprocessed\train_5fps\normal\WhatsApp Video 2026-09-09 at 11.22.08 AM_seq_0002.npz,5,128,128,16
train,normal,0,WhatsApp Video 2026-09-09 at 11.22.08 AM.mp4,3,preprocessed\train_5fps\normal\WhatsApp Video 2026-09-09 at 11.22.08 AM_seq_0003.npz,5,128,128,16
train,normal,0,WhatsApp Video 2026-09-09 at 11.22.08 AM.mp4,4,preprocessed\train_5fps\normal\WhatsApp Video 2026-09-09 at 11.22.08 AM_seq_0004.npz,5,128,128,16
train,normal,0,WhatsApp Video 2026-09-09 at 11.22.12 AM.mp4,0,preprocessed\train_5fps\normal\WhatsApp Video 2026-09-09 at 11.22.12 AM_seq_0000.npz,5,128,128,16
train,normal,0,WhatsApp Video 2026-09-09 at 11.22.12 AM.mp4,1,preprocessed\train_5fps\normal\WhatsApp Video 2026-09-09 at 11.22.12 AM_seq_0001.npz,5,128,128,16
train,normal,0,WhatsApp Video 2026-09-09 at 11.22.12 AM.mp4,2,preprocessed\train_5fps\normal\WhatsApp Video 2026-09-09 at 11.22.12 AM_seq_0002.npz,5,128,128,16
train,normal,0,WhatsApp Video 2026-09-09 at 11.22.12 AM.mp4,3,preprocessed\train_5fps\normal\WhatsApp Video 2026-09-09 at 11.22.12 AM_seq_0003.npz,5,128,128,16
train,normal,0,WhatsApp Video 2026-09-09 at 11.22.12 AM.mp4,4,preprocessed\train_5fps\normal\WhatsApp Video 2026-09-09 at 11.22.12 AM_seq_0004.npz,5,128,128,16
train,normal,0,WhatsApp Video 2026-09-09 at 11.22.12 AM.mp4,5,preprocessed\train_5fps\normal\WhatsApp Video 2026-09-09 at 11.22.12 AM_seq_0005.npz,5,128,128,16
train,normal,0,WhatsApp Video 2026-09-09 at 11.22.13 AM.mp4,0,preprocessed\train_5fps\normal\WhatsApp Video 2026-09-09 at 11.22.13 AM_seq_0000.npz,5,128,128,16
train,normal,0,WhatsApp Video 2026-09-09 at 11.22.13 AM.mp4,1,preprocessed\train_5fps\normal\WhatsApp Video 2026-09-09 at 11.22.13 AM_seq_0001.npz,5,128,128,16
train,normal,0,WhatsApp Video 2026-09-09 at 11.22.13 AM.mp4,2,preprocessed\train_5fps\normal\WhatsApp Video 2026-09-09 at 11.22.13 AM_seq_0002.npz,5,128,128,16
train,normal,0,WhatsApp Video 2026-09-09 at 11.22.13 AM.mp4,3,preprocessed\train_5fps\normal\WhatsApp Video 2026-09-09 at 11.22.13 AM_seq_0003.npz,5,128,128,16
train,normal,0,WhatsApp Video 2026-09-09 at 11.22.13 AM.mp4,4,preprocessed\train_5fps\normal\WhatsApp Video 2026-09-09 at 11.22.13 AM_seq_0004.npz,5,128,128,16
train,normal,0,WhatsApp Video 2026-09-09 at 11.22.13 AM.mp4,5,preprocessed\train_5fps\normal\WhatsApp Video 2026-09-09 at 11.22.13 AM_seq_0005.npz,5,128,128,16
train,normal,0,WhatsApp Video 2026-09-09 at 11.22.18 AM.mp4,0,preprocessed\train_5fps\normal\WhatsApp Video 2026-09-09 at 11.22.18 AM_seq_0000.npz,5,128,128,16
train,normal,0,WhatsApp Video 2026-09-09 at 11.22.18 AM.mp4,1,preprocessed\train_5fps\normal\WhatsApp Video 2026-09-09 at 11.22.18 AM_seq_0001.npz,5,128,128,16
train,normal,0,WhatsApp Video 2026-09-09 at 11.22.18 AM.mp4,2,preprocessed\train_5fps\normal\WhatsApp Video 2026-09-09 at 11.22.18 AM_seq_0002.npz,5,128,128,16
train,normal,0,WhatsApp Video 2026-09-09 at 11.22.18 AM.mp4,3,preprocessed\train_5fps\normal\WhatsApp Video 2026-09-09 at 11.22.18 AM_seq_0003.npz,5,128,128,16
train,normal,0,WhatsApp Video 2026-09-09 at 11.22.18 AM.mp4,4,preprocessed\train_5fps\normal\WhatsApp Video 2026-09-09 at 11.22.18 AM_seq_0004.npz,5,128,128,16
train,normal,0,WhatsApp Video 2026-09-09 at 11.22.18 AM.mp4,5,preprocessed\train_5fps\normal\WhatsApp Video 2026-09-09 at 11.22.18 AM_seq_0005.npz,5,128,128,16
train,normal,0,WhatsApp Video 2026-09-09 at 11.22.28 AM.mp4,0,preprocessed\train_5fps\normal\WhatsApp Video 2026-09-09 at 11.22.28 AM_seq_0000.npz,5,128,128,16
train,normal,0,WhatsApp Video 2026-09-09 at 11.22.28 AM.mp4,1,preprocessed\train_5fps\normal\WhatsApp Video 2026-09-09 at 11.22.28 AM_seq_0001.npz,5,128,128,16
train,normal,0,WhatsApp Video 2026-09-09 at 11.22.28 AM.mp4,2,preprocessed\train_5fps\normal\WhatsApp Video 2026-09-09 at 11.22.28 AM_seq_0002.npz,5,128,128,16
train,normal,0,WhatsApp Video 2026-09-09 at 11.22.28 AM.mp4,3,preprocessed\train_5fps\normal\WhatsApp Video 2026-09-09 at 11.22.28 AM_seq_0003.npz,5,128,128,16
train,normal,0,WhatsApp Video 2026-09-09 at 11.22.28 AM.mp4,4,preprocessed\train_5fps\normal\WhatsApp Video 2026-09-09 at 11.22.28 AM_seq_0004.npz,5,128,128,16
train,normal,0,WhatsApp Video 2026-09-09 at 11.23.00 AM.mp4,0,preprocessed\train_5fps\normal\WhatsApp Video 2026-09-09 at 11.23.00 AM_seq_0000.npz,5,128,128,16
train,normal,0,WhatsApp Video 2026-09-09 at 11.23.00 AM.mp4,1,preprocessed\train_5fps\normal\WhatsApp Video 2026-09-09 at 11.23.00 AM_seq_0001.npz,5,128,128,16
train,normal,0,WhatsApp Video 2026-09-09 at 11.23.00 AM.mp4,2,preprocessed\train_5fps\normal\WhatsApp Video 2026-09-09 at 11.23.00 AM_seq_0002.npz,5,128,128,16
train,normal,0,WhatsApp Video 2026-09-09 at 11.23.00 AM.mp4,3,preprocessed\train_5fps\normal\WhatsApp Video 2026-09-09 at 11.23.00 AM_seq_0003.npz,5,128,128,16
train,normal,0,WhatsApp Video 2026-09-09 at 11.23.00 AM.mp4,4,preprocessed\train_5fps\normal\WhatsApp Video 2026-09-09 at 11.23.00 AM_seq_0004.npz,5,128,128,16
train,normal,0,WhatsApp Video 2026-09-09 at 11.23.00 AM.mp4,5,preprocessed\train_5fps\normal\WhatsApp Video 2026-09-09 at 11.23.00 AM_seq_0005.npz,5,128,128,16
train,normal,0,WhatsApp Video 2026-09-09 at 11.23.12 AM.mp4,0,preprocessed\train_5fps\normal\WhatsApp Video 2026-09-09 at 11.23.12 AM_seq_0000.npz,5,128,128,16
train,normal,0,WhatsApp Video 2026-09-09 at 11.23.12 AM.mp4,1,preprocessed\train_5fps\normal\WhatsApp Video 2026-09-09 at 11.23.12 AM_seq_0001.npz,5,128,128,16
train,normal,0,WhatsApp Video 2026-09-09 at 11.23.12 AM.mp4,2,preprocessed\train_5fps\normal\WhatsApp Video 2026-09-09 at 11.23.12 AM_seq_0002.npz,5,128,128,16
train,normal,0,WhatsApp Video 2026-09-09 at 11.23.12 AM.mp4,3,preprocessed\train_5fps\normal\WhatsApp Video 2026-09-09 at 11.23.12 AM_seq_0003.npz,5,128,128,16
train,normal,0,WhatsApp Video 2026-09-09 at 11.23.12 AM.mp4,4,preprocessed\train_5fps\normal\WhatsApp Video 2026-09-09 at 11.23.12 AM_seq_0004.npz,5,128,128,16
train,normal,0,WhatsApp Video 2026-09-09 at 11.23.12 AM.mp4,5,preprocessed\train_5fps\normal\WhatsApp Video 2026-09-09 at 11.23.12 AM_seq_0005.npz,5,128,128,16
train,normal,0,WhatsApp Video 2026-09-09 at 11.23.17 AM.mp4,0,preprocessed\train_5fps\normal\WhatsApp Video 2026-09-09 at 11.23.17 AM_seq_0000.npz,5,128,128,16
train,normal,0,WhatsApp Video 2026-09-09 at 11.23.17 AM.mp4,1,preprocessed\train_5fps\normal\WhatsApp Video 2026-09-09 at 11.23.17 AM_seq_0001.npz,5,128,128,16
train,normal,0,WhatsApp Video 2026-09-09 at 11.23.17 AM.mp4,2,preprocessed\train_5fps\normal\WhatsApp Video 2026-09-09 at 11.23.17 AM_seq_0002.npz,5,128,128,16
train,normal,0,WhatsApp Video 2026-09-09 at 11.23.17 AM.mp4,3,preprocessed\train_5fps\normal\WhatsApp Video 2026-09-09 at 11.23.17 AM_seq_0003.npz,5,128,128,16
train,normal,0,WhatsApp Video 2026-09-09 at 11.23.22 AM.mp4,0,preprocessed\train_5fps\normal\WhatsApp Video 2026-09-09 at 11.23.22 AM_seq_0000.npz,5,128,128,16
train,normal,0,WhatsApp Video 2026-09-09 at 11.23.22 AM.mp4,1,preprocessed\train_5fps\normal\WhatsApp Video 2026-09-09 at 11.23.22 AM_seq_0001.npz,5,128,128,16
train,normal,0,WhatsApp Video 2026-09-09 at 11.23.22 AM.mp4,2,preprocessed\train_5fps\normal\WhatsApp Video 2026-09-09 at 11.23.22 AM_seq_0002.npz,5,128,128,16
train,normal,0,WhatsApp Video 2026-09-09 at 11.23.22 AM.mp4,3,preprocessed\train_5fps\normal\WhatsApp Video 2026-09-09 at 11.23.22 AM_seq_0003.npz,5,128,128,16
train,normal,0,WhatsApp Video 2026-09-09 at 11.23.22 AM.mp4,4,preprocessed\train_5fps\normal\WhatsApp Video 2026-09-09 at 11.23.22 AM_seq_0004.npz,5,128,128,16
train,normal,0,WhatsApp Video 2026-09-09 at 11.23.22 AM.mp4,5,preprocessed\train_5fps\normal\WhatsApp Video 2026-09-09 at 11.23.22 AM_seq_0005.npz,5,128,128,16
train,normal,0,WhatsApp Video 2026-09-09 at 11.23.22 AM.mp4,6,preprocessed\train_5fps\normal\WhatsApp Video 2026-09-09 at 11.23.22 AM_seq_0006.npz,5,128,128,16
train,normal,0,WhatsApp Video 2026-09-09 at 11.23.30 AM (1).mp4,0,preprocessed\train_5fps\normal\WhatsApp Video 2026-09-09 at 11.23.30 AM (1)_seq_0000.npz,5,128,128,16
train,normal,0,WhatsApp Video 2026-09-09 at 11.23.30 AM (1).mp4,1,preprocessed\train_5fps\normal\WhatsApp Video 2026-09-09 at 11.23.30 AM (1)_seq_0001.npz,5,128,128,16
train,normal,0,WhatsApp Video 2026-09-09 at 11.23.30 AM (1).mp4,2,preprocessed\train_5fps\normal\WhatsApp Video 2026-09-09 at 11.23.30 AM (1)_seq_0002.npz,5,128,128,16
train,normal,0,WhatsApp Video 2026-09-09 at 11.23.30 AM (1).mp4,3,preprocessed\train_5fps\normal\WhatsApp Video 2026-09-09 at 11.23.30 AM (1)_seq_0003.npz,5,128,128,16
train,normal,0,WhatsApp Video 2026-09-09 at 11.23.30 AM (1).mp4,4,preprocessed\train_5fps\normal\WhatsApp Video 2026-09-09 at 11.23.30 AM (1)_seq_0004.npz,5,128,128,16
train,normal,0,WhatsApp Video 2026-09-09 at 11.23.30 AM (1).mp4,5,preprocessed\train_5fps\normal\WhatsApp Video 2026-09-09 at 11.23.30 AM (1)_seq_0005.npz,5,128,128,16
train,normal,0,WhatsApp Video 2026-09-09 at 11.23.30 AM (1).mp4,6,preprocessed\train_5fps\normal\WhatsApp Video 2026-09-09 at 11.23.30 AM (1)_seq_0006.npz,5,128,128,16
train,normal,0,WhatsApp Video 2026-09-09 at 11.23.30 AM.mp4,0,preprocessed\train_5fps\normal\WhatsApp Video 2026-09-09 at 11.23.30 AM_seq_0000.npz,5,128,128,16
train,normal,0,WhatsApp Video 2026-09-09 at 11.23.30 AM.mp4,1,preprocessed\train_5fps\normal\WhatsApp Video 2026-09-09 at 11.23.30 AM_seq_0001.npz,5,128,128,16
train,normal,0,WhatsApp Video 2026-09-09 at 11.23.30 AM.mp4,2,preprocessed\train_5fps\normal\WhatsApp Video 2026-09-09 at 11.23.30 AM_seq_0002.npz,5,128,128,16
train,normal,0,WhatsApp Video 2026-09-09 at 11.23.30 AM.mp4,3,preprocessed\train_5fps\normal\WhatsApp Video 2026-09-09 at 11.23.30 AM_seq_0003.npz,5,128,128,16
train,normal,0,WhatsApp Video 2026-09-09 at 11.23.30 AM.mp4,4,preprocessed\train_5fps\normal\WhatsApp Video 2026-09-09 at 11.23.30 AM_seq_0004.npz,5,128,128,16
train,normal,0,WhatsApp Video 2026-09-09 at 11.23.31 AM.mp4,0,preprocessed\train_5fps\normal\WhatsApp Video 2026-09-09 at 11.23.31 AM_seq_0000.npz,5,128,128,16
train,normal,0,WhatsApp Video 2026-09-09 at 11.23.31 AM.mp4,1,preprocessed\train_5fps\normal\WhatsApp Video 2026-09-09 at 11.23.31 AM_seq_0001.npz,5,128,128,16
train,normal,0,WhatsApp Video 2026-09-09 at 11.23.31 AM.mp4,2,preprocessed\train_5fps\normal\WhatsApp Video 2026-09-09 at 11.23.31 AM_seq_0002.npz,5,128,128,16
train,normal,0,WhatsApp Video 2026-09-09 at 11.23.31 AM.mp4,3,preprocessed\train_5fps\normal\WhatsApp Video 2026-09-09 at 11.23.31 AM_seq_0003.npz,5,128,128,16
train,normal,0,WhatsApp Video 2026-09-09 at 11.23.31 AM.mp4,4,preprocessed\train_5fps\normal\WhatsApp Video 2026-09-09 at 11.23.31 AM_seq_0004.npz,5,128,128,16
train,normal,0,WhatsApp Video 2026-09-09 at 11.23.31 AM.mp4,5,preprocessed\train_5fps\normal\WhatsApp Video 2026-09-09 at 11.23.31 AM_seq_0005.npz,5,128,128,16
validation,accident,1,WhatsApp Video 2026-09-08 at 3.22.37 PM.mp4,0,preprocessed\validation_5fps\accident\WhatsApp Video 2026-09-08 at 3.22.37 PM_seq_0000.npz,5,128,128,16
validation,accident,1,WhatsApp Video 2026-09-08 at 3.22.37 PM.mp4,1,preprocessed\validation_5fps\accident\WhatsApp Video 2026-09-08 at 3.22.37 PM_seq_0001.npz,5,128,128,16
validation,accident,1,WhatsApp Video 2026-09-08 at 3.22.38 PM (2).mp4,0,preprocessed\validation_5fps\accident\WhatsApp Video 2026-09-08 at 3.22.38 PM (2)_seq_0000.npz,5,128,128,16
validation,accident,1,WhatsApp Video 2026-09-08 at 3.22.38 PM (2).mp4,1,preprocessed\validation_5fps\accident\WhatsApp Video 2026-09-08 at 3.22.38 PM (2)_seq_0001.npz,5,128,128,16
validation,accident,1,WhatsApp Video 2026-09-08 at 3.22.39 PM (1).mp4,0,preprocessed\validation_5fps\accident\WhatsApp Video 2026-09-08 at 3.22.39 PM (1)_seq_0000.npz,5,128,128,16
validation,accident,1,WhatsApp Video 2026-09-08 at 3.22.39 PM (1).mp4,1,preprocessed\validation_5fps\accident\WhatsApp Video 2026-09-08 at 3.22.39 PM (1)_seq_0001.npz,5,128,128,16
validation,accident,1,WhatsApp Video 2026-09-08 at 3.22.39 PM (1).mp4,2,preprocessed\validation_5fps\accident\WhatsApp Video 2026-09-08 at 3.22.39 PM (1)_seq_0002.npz,5,128,128,16
validation,accident,1,WhatsApp Video 2026-09-08 at 3.22.39 PM (1).mp4,3,preprocessed\validation_5fps\accident\WhatsApp Video 2026-09-08 at 3.22.39 PM (1)_seq_0003.npz,5,128,128,16
validation,accident,1,WhatsApp Video 2026-09-08 at 3.22.42 PM (1).mp4,0,preprocessed\validation_5fps\accident\WhatsApp Video 2026-09-08 at 3.22.42 PM (1)_seq_0000.npz,5,128,128,16
validation,accident,1,WhatsApp Video 2026-09-08 at 3.22.42 PM (1).mp4,1,preprocessed\validation_5fps\accident\WhatsApp Video 2026-09-08 at 3.22.42 PM (1)_seq_0001.npz,5,128,128,16
validation,accident,1,WhatsApp Video 2026-09-09 at 10.08.47 PM.mp4,0,preprocessed\validation_5fps\accident\WhatsApp Video 2026-09-09 at 10.08.47 PM_seq_0000.npz,5,128,128,16
validation,accident,1,WhatsApp Video 2026-09-09 at 10.08.48 PM (2).mp4,0,preprocessed\validation_5fps\accident\WhatsApp Video 2026-09-09 at 10.08.48 PM (2)_seq_0000.npz,5,128,128,16
validation,accident,1,WhatsApp Video 2026-09-09 at 9.29.25 PM.mp4,0,preprocessed\validation_5fps\accident\WhatsApp Video 2026-09-09 at 9.29.25 PM_seq_0000.npz,5,128,128,16
validation,accident,1,WhatsApp Video 2026-09-09 at 9.29.25 PM.mp4,1,preprocessed\validation_5fps\accident\WhatsApp Video 2026-09-09 at 9.29.25 PM_seq_0001.npz,5,128,128,16
validation,accident,1,WhatsApp Video 2026-09-09 at 9.29.25 PM.mp4,2,preprocessed\validation_5fps\accident\WhatsApp Video 2026-09-09 at 9.29.25 PM_seq_0002.npz,5,128,128,16
validation,accident,1,WhatsApp Video 2026-09-09 at 9.29.42 PM (2).mp4,0,preprocessed\validation_5fps\accident\WhatsApp Video 2026-09-09 at 9.29.42 PM (2)_seq_0000.npz,5,128,128,16
validation,accident,1,WhatsApp Video 2026-09-09 at 9.59.42 PM.mp4,0,preprocessed\validation_5fps\accident\WhatsApp Video 2026-09-09 at 9.59.42 PM_seq_0000.npz,5,128,128,16
validation,accident,1,WhatsApp Video 2026-09-09 at 9.59.59 PM.mp4,0,preprocessed\validation_5fps\accident\WhatsApp Video 2026-09-09 at 9.59.59 PM_seq_0000.npz,5,128,128,16
validation,normal,0,WhatsApp Video 2026-09-08 at 3.34.59 PM (1).mp4,0,preprocessed\validation_5fps\normal\WhatsApp Video 2026-09-08 at 3.34.59 PM (1)_seq_0000.npz,5,128,128,16
validation,normal,0,WhatsApp Video 2026-09-08 at 3.34.59 PM (1).mp4,1,preprocessed\validation_5fps\normal\WhatsApp Video 2026-09-08 at 3.34.59 PM (1)_seq_0001.npz,5,128,128,16
validation,normal,0,WhatsApp Video 2026-09-08 at 3.34.59 PM (1).mp4,2,preprocessed\validation_5fps\normal\WhatsApp Video 2026-09-08 at 3.34.59 PM (1)_seq_0002.npz,5,128,128,16
validation,normal,0,WhatsApp Video 2026-09-08 at 3.34.59 PM (1).mp4,3,preprocessed\validation_5fps\normal\WhatsApp Video 2026-09-08 at 3.34.59 PM (1)_seq_0003.npz,5,128,128,16
validation,normal,0,WhatsApp Video 2026-09-08 at 3.34.59 PM (1).mp4,4,preprocessed\validation_5fps\normal\WhatsApp Video 2026-09-08 at 3.34.59 PM (1)_seq_0004.npz,5,128,128,16
validation,normal,0,WhatsApp Video 2026-09-08 at 3.34.59 PM (1).mp4,5,preprocessed\validation_5fps\normal\WhatsApp Video 2026-09-08 at 3.34.59 PM (1)_seq_0005.npz,5,128,128,16
validation,normal,0,WhatsApp Video 2026-09-08 at 3.34.59 PM (1).mp4,6,preprocessed\validation_5fps\normal\WhatsApp Video 2026-09-08 at 3.34.59 PM (1)_seq_0006.npz,5,128,128,16
validation,normal,0,WhatsApp Video 2026-09-08 at 3.34.59 PM (1).mp4,7,preprocessed\validation_5fps\normal\WhatsApp Video 2026-09-08 at 3.34.59 PM (1)_seq_0007.npz,5,128,128,16
validation,normal,0,WhatsApp Video 2026-09-08 at 3.34.59 PM (1).mp4,8,preprocessed\validation_5fps\normal\WhatsApp Video 2026-09-08 at 3.34.59 PM (1)_seq_0008.npz,5,128,128,16
validation,normal,0,WhatsApp Video 2026-09-08 at 3.34.59 PM (1).mp4,9,preprocessed\validation_5fps\normal\WhatsApp Video 2026-09-08 at 3.34.59 PM (1)_seq_0009.npz,5,128,128,16
validation,normal,0,WhatsApp Video 2026-09-08 at 3.34.59 PM (1).mp4,10,preprocessed\validation_5fps\normal\WhatsApp Video 2026-09-08 at 3.34.59 PM (1)_seq_0010.npz,5,128,128,16
validation,normal,0,WhatsApp Video 2026-09-08 at 3.34.59 PM (1).mp4,11,preprocessed\validation_5fps\normal\WhatsApp Video 2026-09-08 at 3.34.59 PM (1)_seq_0011.npz,5,128,128,16
validation,normal,0,WhatsApp Video 2026-09-08 at 3.34.59 PM (1).mp4,12,preprocessed\validation_5fps\normal\WhatsApp Video 2026-09-08 at 3.34.59 PM (1)_seq_0012.npz,5,128,128,16
validation,normal,0,WhatsApp Video 2026-09-08 at 3.34.59 PM (1).mp4,13,preprocessed\validation_5fps\normal\WhatsApp Video 2026-09-08 at 3.34.59 PM (1)_seq_0013.npz,5,128,128,16
validation,normal,0,WhatsApp Video 2026-09-08 at 3.34.59 PM (1).mp4,14,preprocessed\validation_5fps\normal\WhatsApp Video 2026-09-08 at 3.34.59 PM (1)_seq_0014.npz,5,128,128,16
validation,normal,0,WhatsApp Video 2026-09-08 at 3.34.59 PM (1).mp4,15,preprocessed\validation_5fps\normal\WhatsApp Video 2026-09-08 at 3.34.59 PM (1)_seq_0015.npz,5,128,128,16
validation,normal,0,WhatsApp Video 2026-09-08 at 3.34.59 PM (1).mp4,16,preprocessed\validation_5fps\normal\WhatsApp Video 2026-09-08 at 3.34.59 PM (1)_seq_0016.npz,5,128,128,16
validation,normal,0,WhatsApp Video 2026-09-08 at 3.34.59 PM (1).mp4,17,preprocessed\validation_5fps\normal\WhatsApp Video 2026-09-08 at 3.34.59 PM (1)_seq_0017.npz,5,128,128,16
validation,normal,0,WhatsApp Video 2026-09-08 at 3.34.59 PM (1).mp4,18,preprocessed\validation_5fps\normal\WhatsApp Video 2026-09-08 at 3.34.59 PM (1)_seq_0018.npz,5,128,128,16
validation,normal,0,WhatsApp Video 2026-09-08 at 3.34.59 PM (1).mp4,19,preprocessed\validation_5fps\normal\WhatsApp Video 2026-09-08 at 3.34.59 PM (1)_seq_0019.npz,5,128,128,16
validation,normal,0,WhatsApp Video 2026-09-08 at 3.34.59 PM (1).mp4,20,preprocessed\validation_5fps\normal\WhatsApp Video 2026-09-08 at 3.34.59 PM (1)_seq_0020.npz,5,128,128,16
validation,normal,0,WhatsApp Video 2026-09-08 at 3.34.59 PM (1).mp4,21,preprocessed\validation_5fps\normal\WhatsApp Video 2026-09-08 at 3.34.59 PM (1)_seq_0021.npz,5,128,128,16
validation,normal,0,WhatsApp Video 2026-09-08 at 3.34.59 PM (1).mp4,22,preprocessed\validation_5fps\normal\WhatsApp Video 2026-09-08 at 3.34.59 PM (1)_seq_0022.npz,5,128,128,16
validation,normal,0,WhatsApp Video 2026-09-08 at 3.34.59 PM (1).mp4,23,preprocessed\validation_5fps\normal\WhatsApp Video 2026-09-08 at 3.34.59 PM (1)_seq_0023.npz,5,128,128,16
validation,normal,0,WhatsApp Video 2026-09-08 at 3.34.59 PM (1).mp4,24,preprocessed\validation_5fps\normal\WhatsApp Video 2026-09-08 at 3.34.59 PM (1)_seq_0024.npz,5,128,128,16
validation,normal,0,WhatsApp Video 2026-09-08 at 3.34.59 PM (1).mp4,25,preprocessed\validation_5fps\normal\WhatsApp Video 2026-09-08 at 3.34.59 PM (1)_seq_0025.npz,5,128,128,16
validation,normal,0,WhatsApp Video 2026-09-08 at 3.34.59 PM (1).mp4,26,preprocessed\validation_5fps\normal\WhatsApp Video 2026-09-08 at 3.34.59 PM (1)_seq_0026.npz,5,128,128,16
validation,normal,0,WhatsApp Video 2026-09-08 at 3.34.59 PM (1).mp4,27,preprocessed\validation_5fps\normal\WhatsApp Video 2026-09-08 at 3.34.59 PM (1)_seq_0027.npz,5,128,128,16
validation,normal,0,WhatsApp Video 2026-09-08 at 3.34.59 PM (1).mp4,28,preprocessed\validation_5fps\normal\WhatsApp Video 2026-09-08 at 3.34.59 PM (1)_seq_0028.npz,5,128,128,16
validation,normal,0,WhatsApp Video 2026-09-08 at 3.34.59 PM (1).mp4,29,preprocessed\validation_5fps\normal\WhatsApp Video 2026-09-08 at 3.34.59 PM (1)_seq_0029.npz,5,128,128,16
validation,normal,0,WhatsApp Video 2026-09-08 at 3.34.59 PM (1).mp4,30,preprocessed\validation_5fps\normal\WhatsApp Video 2026-09-08 at 3.34.59 PM (1)_seq_0030.npz,5,128,128,16
validation,normal,0,WhatsApp Video 2026-09-08 at 3.34.59 PM (1).mp4,31,preprocessed\validation_5fps\normal\WhatsApp Video 2026-09-08 at 3.34.59 PM (1)_seq_0031.npz,5,128,128,16
validation,normal,0,WhatsApp Video 2026-09-08 at 3.34.59 PM (1).mp4,32,preprocessed\validation_5fps\normal\WhatsApp Video 2026-09-08 at 3.34.59 PM (1)_seq_0032.npz,5,128,128,16
validation,normal,0,WhatsApp Video 2026-09-08 at 3.34.59 PM (1).mp4,33,preprocessed\validation_5fps\normal\WhatsApp Video 2026-09-08 at 3.34.59 PM (1)_seq_0033.npz,5,128,128,16
validation,normal,0,WhatsApp Video 2026-09-08 at 3.34.59 PM (1).mp4,34,preprocessed\validation_5fps\normal\WhatsApp Video 2026-09-08 at 3.34.59 PM (1)_seq_0034.npz,5,128,128,16
validation,normal,0,WhatsApp Video 2026-09-08 at 3.34.59 PM (1).mp4,35,preprocessed\validation_5fps\normal\WhatsApp Video 2026-09-08 at 3.34.59 PM (1)_seq_0035.npz,5,128,128,16
validation,normal,0,WhatsApp Video 2026-09-08 at 3.34.59 PM (1).mp4,36,preprocessed\validation_5fps\normal\WhatsApp Video 2026-09-08 at 3.34.59 PM (1)_seq_0036.npz,5,128,128,16
validation,normal,0,WhatsApp Video 2026-09-08 at 3.34.59 PM (1).mp4,37,preprocessed\validation_5fps\normal\WhatsApp Video 2026-09-08 at 3.34.59 PM (1)_seq_0037.npz,5,128,128,16
validation,normal,0,WhatsApp Video 2026-09-08 at 3.34.59 PM (1).mp4,38,preprocessed\validation_5fps\normal\WhatsApp Video 2026-09-08 at 3.34.59 PM (1)_seq_0038.npz,5,128,128,16
validation,normal,0,WhatsApp Video 2026-09-08 at 3.35.00 PM (1).mp4,0,preprocessed\validation_5fps\normal\WhatsApp Video 2026-09-08 at 3.35.00 PM (1)_seq_0000.npz,5,128,128,16
validation,normal,0,WhatsApp Video 2026-09-08 at 3.35.00 PM (1).mp4,1,preprocessed\validation_5fps\normal\WhatsApp Video 2026-09-08 at 3.35.00 PM (1)_seq_0001.npz,5,128,128,16
validation,normal,0,WhatsApp Video 2026-09-08 at 3.35.00 PM (1).mp4,2,preprocessed\validation_5fps\normal\WhatsApp Video 2026-09-08 at 3.35.00 PM (1)_seq_0002.npz,5,128,128,16
validation,normal,0,WhatsApp Video 2026-09-08 at 3.35.00 PM (1).mp4,3,preprocessed\validation_5fps\normal\WhatsApp Video 2026-09-08 at 3.35.00 PM (1)_seq_0003.npz,5,128,128,16
validation,normal,0,WhatsApp Video 2026-09-08 at 3.35.00 PM (2).mp4,0,preprocessed\validation_5fps\normal\WhatsApp Video 2026-09-08 at 3.35.00 PM (2)_seq_0000.npz,5,128,128,16
validation,normal,0,WhatsApp Video 2026-09-08 at 3.35.00 PM (2).mp4,1,preprocessed\validation_5fps\normal\WhatsApp Video 2026-09-08 at 3.35.00 PM (2)_seq_0001.npz,5,128,128,16
validation,normal,0,WhatsApp Video 2026-09-08 at 3.35.00 PM (2).mp4,2,preprocessed\validation_5fps\normal\WhatsApp Video 2026-09-08 at 3.35.00 PM (2)_seq_0002.npz,5,128,128,16
validation,normal,0,WhatsApp Video 2026-09-09 at 11.20.23 AM.mp4,0,preprocessed\validation_5fps\normal\WhatsApp Video 2026-09-09 at 11.20.23 AM_seq_0000.npz,5,128,128,16
validation,normal,0,WhatsApp Video 2026-09-09 at 11.20.23 AM.mp4,1,preprocessed\validation_5fps\normal\WhatsApp Video 2026-09-09 at 11.20.23 AM_seq_0001.npz,5,128,128,16
validation,normal,0,WhatsApp Video 2026-09-09 at 11.20.23 AM.mp4,2,preprocessed\validation_5fps\normal\WhatsApp Video 2026-09-09 at 11.20.23 AM_seq_0002.npz,5,128,128,16
validation,normal,0,WhatsApp Video 2026-09-09 at 11.20.23 AM.mp4,3,preprocessed\validation_5fps\normal\WhatsApp Video 2026-09-09 at 11.20.23 AM_seq_0003.npz,5,128,128,16
validation,normal,0,WhatsApp Video 2026-09-09 at 11.20.23 AM.mp4,4,preprocessed\validation_5fps\normal\WhatsApp Video 2026-09-09 at 11.20.23 AM_seq_0004.npz,5,128,128,16
validation,normal,0,WhatsApp Video 2026-09-09 at 11.20.23 AM.mp4,5,preprocessed\validation_5fps\normal\WhatsApp Video 2026-09-09 at 11.20.23 AM_seq_0005.npz,5,128,128,16
validation,normal,0,WhatsApp Video 2026-09-09 at 11.22.17 AM.mp4,0,preprocessed\validation_5fps\normal\WhatsApp Video 2026-09-09 at 11.22.17 AM_seq_0000.npz,5,128,128,16
validation,normal,0,WhatsApp Video 2026-09-09 at 11.22.17 AM.mp4,1,preprocessed\validation_5fps\normal\WhatsApp Video 2026-09-09 at 11.22.17 AM_seq_0001.npz,5,128,128,16
validation,normal,0,WhatsApp Video 2026-09-09 at 11.22.17 AM.mp4,2,preprocessed\validation_5fps\normal\WhatsApp Video 2026-09-09 at 11.22.17 AM_seq_0002.npz,5,128,128,16
validation,normal,0,WhatsApp Video 2026-09-09 at 11.22.17 AM.mp4,3,preprocessed\validation_5fps\normal\WhatsApp Video 2026-09-09 at 11.22.17 AM_seq_0003.npz,5,128,128,16
validation,normal,0,WhatsApp Video 2026-09-09 at 11.22.17 AM.mp4,4,preprocessed\validation_5fps\normal\WhatsApp Video 2026-09-09 at 11.22.17 AM_seq_0004.npz,5,128,128,16
validation,normal,0,WhatsApp Video 2026-09-09 at 11.22.17 AM.mp4,5,preprocessed\validation_5fps\normal\WhatsApp Video 2026-09-09 at 11.22.17 AM_seq_0005.npz,5,128,128,16
validation,normal,0,WhatsApp Video 2026-09-09 at 11.22.44 AM.mp4,0,preprocessed\validation_5fps\normal\WhatsApp Video 2026-09-09 at 11.22.44 AM_seq_0000.npz,5,128,128,16
validation,normal,0,WhatsApp Video 2026-09-09 at 11.22.44 AM.mp4,1,preprocessed\validation_5fps\normal\WhatsApp Video 2026-09-09 at 11.22.44 AM_seq_0001.npz,5,128,128,16
validation,normal,0,WhatsApp Video 2026-09-09 at 11.22.44 AM.mp4,2,preprocessed\validation_5fps\normal\WhatsApp Video 2026-09-09 at 11.22.44 AM_seq_0002.npz,5,128,128,16
validation,normal,0,WhatsApp Video 2026-09-09 at 11.22.44 AM.mp4,3,preprocessed\validation_5fps\normal\WhatsApp Video 2026-09-09 at 11.22.44 AM_seq_0003.npz,5,128,128,16
validation,normal,0,WhatsApp Video 2026-09-09 at 11.22.48 AM.mp4,0,preprocessed\validation_5fps\normal\WhatsApp Video 2026-09-09 at 11.22.48 AM_seq_0000.npz,5,128,128,16
validation,normal,0,WhatsApp Video 2026-09-09 at 11.22.48 AM.mp4,1,preprocessed\validation_5fps\normal\WhatsApp Video 2026-09-09 at 11.22.48 AM_seq_0001.npz,5,128,128,16
validation,normal,0,WhatsApp Video 2026-09-09 at 11.22.48 AM.mp4,2,preprocessed\validation_5fps\normal\WhatsApp Video 2026-09-09 at 11.22.48 AM_seq_0002.npz,5,128,128,16
validation,normal,0,WhatsApp Video 2026-09-09 at 11.22.48 AM.mp4,3,preprocessed\validation_5fps\normal\WhatsApp Video 2026-09-09 at 11.22.48 AM_seq_0003.npz,5,128,128,16
validation,normal,0,WhatsApp Video 2026-09-09 at 11.22.48 AM.mp4,4,preprocessed\validation_5fps\normal\WhatsApp Video 2026-09-09 at 11.22.48 AM_seq_0004.npz,5,128,128,16
validation,normal,0,WhatsApp Video 2026-09-09 at 11.22.48 AM.mp4,5,preprocessed\validation_5fps\normal\WhatsApp Video 2026-09-09 at 11.22.48 AM_seq_0005.npz,5,128,128,16
validation,normal,0,WhatsApp Video 2026-09-09 at 11.22.48 AM.mp4,6,preprocessed\validation_5fps\normal\WhatsApp Video 2026-09-09 at 11.22.48 AM_seq_0006.npz,5,128,128,16
validation,normal,0,WhatsApp Video 2026-09-09 at 11.23.03 AM.mp4,0,preprocessed\validation_5fps\normal\WhatsApp Video 2026-09-09 at 11.23.03 AM_seq_0000.npz,5,128,128,16
validation,normal,0,WhatsApp Video 2026-09-09 at 11.23.03 AM.mp4,1,preprocessed\validation_5fps\normal\WhatsApp Video 2026-09-09 at 11.23.03 AM_seq_0001.npz,5,128,128,16
validation,normal,0,WhatsApp Video 2026-09-09 at 11.23.03 AM.mp4,2,preprocessed\validation_5fps\normal\WhatsApp Video 2026-09-09 at 11.23.03 AM_seq_0002.npz,5,128,128,16
validation,normal,0,WhatsApp Video 2026-09-09 at 11.23.03 AM.mp4,3,preprocessed\validation_5fps\normal\WhatsApp Video 2026-09-09 at 11.23.03 AM_seq_0003.npz,5,128,128,16
validation,normal,0,WhatsApp Video 2026-09-09 at 11.23.03 AM.mp4,4,preprocessed\validation_5fps\normal\WhatsApp Video 2026-09-09 at 11.23.03 AM_seq_0004.npz,5,128,128,16
validation,normal,0,WhatsApp Video 2026-09-09 at 11.23.03 AM.mp4,5,preprocessed\validation_5fps\normal\WhatsApp Video 2026-09-09 at 11.23.03 AM_seq_0005.npz,5,128,128,16
validation,normal,0,WhatsApp Video 2026-09-09 at 11.23.28 AM.mp4,0,preprocessed\validation_5fps\normal\WhatsApp Video 2026-09-09 at 11.23.28 AM_seq_0000.npz,5,128,128,16
validation,normal,0,WhatsApp Video 2026-09-09 at 11.23.28 AM.mp4,1,preprocessed\validation_5fps\normal\WhatsApp Video 2026-09-09 at 11.23.28 AM_seq_0001.npz,5,128,128,16
validation,normal,0,WhatsApp Video 2026-09-09 at 11.23.28 AM.mp4,2,preprocessed\validation_5fps\normal\WhatsApp Video 2026-09-09 at 11.23.28 AM_seq_0002.npz,5,128,128,16
validation,normal,0,WhatsApp Video 2026-09-09 at 11.23.28 AM.mp4,3,preprocessed\validation_5fps\normal\WhatsApp Video 2026-09-09 at 11.23.28 AM_seq_0003.npz,5,128,128,16
validation,normal,0,WhatsApp Video 2026-09-09 at 11.23.28 AM.mp4,4,preprocessed\validation_5fps\normal\WhatsApp Video 2026-09-09 at 11.23.28 AM_seq_0004.npz,5,128,128,16
validation,normal,0,WhatsApp Video 2026-09-09 at 11.23.28 AM.mp4,5,preprocessed\validation_5fps\normal\WhatsApp Video 2026-09-09 at 11.23.28 AM_seq_0005.npz,5,128,128,16
validation,normal,0,WhatsApp Video 2026-09-09 at 11.23.28 AM.mp4,6,preprocessed\validation_5fps\normal\WhatsApp Video 2026-09-09 at 11.23.28 AM_seq_0006.npz,5,128,128,16
validation,normal,0,WhatsApp Video 2026-09-09 at 11.23.28 AM.mp4,7,preprocessed\validation_5fps\normal\WhatsApp Video 2026-09-09 at 11.23.28 AM_seq_0007.npz,5,128,128,16
validation,normal,0,WhatsApp Video 2026-09-09 at 11.23.28 AM.mp4,8,preprocessed\validation_5fps\normal\WhatsApp Video 2026-09-09 at 11.23.28 AM_seq_0008.npz,5,128,128,16
validation,normal,0,WhatsApp Video 2026-09-09 at 11.23.28 AM.mp4,9,preprocessed\validation_5fps\normal\WhatsApp Video 2026-09-09 at 11.23.28 AM_seq_0009.npz,5,128,128,16
validation,normal,0,WhatsApp Video 2026-09-09 at 11.23.28 AM.mp4,10,preprocessed\validation_5fps\normal\WhatsApp Video 2026-09-09 at 11.23.28 AM_seq_0010.npz,5,128,128,16
validation,normal,0,WhatsApp Video 2026-09-09 at 11.23.28 AM.mp4,11,preprocessed\validation_5fps\normal\WhatsApp Video 2026-09-09 at 11.23.28 AM_seq_0011.npz,5,128,128,16
validation,normal,0,WhatsApp Video 2026-09-09 at 11.23.28 AM.mp4,12,preprocessed\validation_5fps\normal\WhatsApp Video 2026-09-09 at 11.23.28 AM_seq_0012.npz,5,128,128,16
validation,normal,0,WhatsApp Video 2026-09-09 at 11.23.28 AM.mp4,13,preprocessed\validation_5fps\normal\WhatsApp Video 2026-09-09 at 11.23.28 AM_seq_0013.npz,5,128,128,16
validation,normal,0,WhatsApp Video 2026-09-09 at 11.23.28 AM.mp4,14,preprocessed\validation_5fps\normal\WhatsApp Video 2026-09-09 at 11.23.28 AM_seq_0014.npz,5,128,128,16
validation,normal,0,WhatsApp Video 2026-09-09 at 11.23.28 AM.mp4,15,preprocessed\validation_5fps\normal\WhatsApp Video 2026-09-09 at 11.23.28 AM_seq_0015.npz,5,128,128,16
validation,normal,0,WhatsApp Video 2026-09-09 at 11.23.28 AM.mp4,16,preprocessed\validation_5fps\normal\WhatsApp Video 2026-09-09 at 11.23.28 AM_seq_0016.npz,5,128,128,16
validation,normal,0,WhatsApp Video 2026-09-09 at 11.23.28 AM.mp4,17,preprocessed\validation_5fps\normal\WhatsApp Video 2026-09-09 at 11.23.28 AM_seq_0017.npz,5,128,128,16
validation,normal,0,WhatsApp Video 2026-09-09 at 11.23.28 AM.mp4,18,preprocessed\validation_5fps\normal\WhatsApp Video 2026-09-09 at 11.23.28 AM_seq_0018.npz,5,128,128,16
validation,normal,0,WhatsApp Video 2026-09-09 at 11.23.28 AM.mp4,19,preprocessed\validation_5fps\normal\WhatsApp Video 2026-09-09 at 11.23.28 AM_seq_0019.npz,5,128,128,16
validation,normal,0,WhatsApp Video 2026-09-09 at 11.23.28 AM.mp4,20,preprocessed\validation_5fps\normal\WhatsApp Video 2026-09-09 at 11.23.28 AM_seq_0020.npz,5,128,128,16
validation,normal,0,WhatsApp Video 2026-09-09 at 11.23.28 AM.mp4,21,preprocessed\validation_5fps\normal\WhatsApp Video 2026-09-09 at 11.23.28 AM_seq_0021.npz,5,128,128,16
validation,normal,0,WhatsApp Video 2026-09-09 at 11.23.28 AM.mp4,22,preprocessed\validation_5fps\normal\WhatsApp Video 2026-09-09 at 11.23.28 AM_seq_0022.npz,5,128,128,16
validation,normal,0,WhatsApp Video 2026-09-09 at 11.23.28 AM.mp4,23,preprocessed\validation_5fps\normal\WhatsApp Video 2026-09-09 at 11.23.28 AM_seq_0023.npz,5,128,128,16
validation,normal,0,WhatsApp Video 2026-09-09 at 11.23.28 AM.mp4,24,preprocessed\validation_5fps\normal\WhatsApp Video 2026-09-09 at 11.23.28 AM_seq_0024.npz,5,128,128,16
validation,normal,0,WhatsApp Video 2026-09-09 at 11.23.28 AM.mp4,25,preprocessed\validation_5fps\normal\WhatsApp Video 2026-09-09 at 11.23.28 AM_seq_0025.npz,5,128,128,16
validation,normal,0,WhatsApp Video 2026-09-09 at 11.23.28 AM.mp4,26,preprocessed\validation_5fps\normal\WhatsApp Video 2026-09-09 at 11.23.28 AM_seq_0026.npz,5,128,128,16
validation,normal,0,WhatsApp Video 2026-09-09 at 11.23.28 AM.mp4,27,preprocessed\validation_5fps\normal\WhatsApp Video 2026-09-09 at 11.23.28 AM_seq_0027.npz,5,128,128,16
validation,normal,0,WhatsApp Video 2026-09-09 at 11.23.28 AM.mp4,28,preprocessed\validation_5fps\normal\WhatsApp Video 2026-09-09 at 11.23.28 AM_seq_0028.npz,5,128,128,16
validation,normal,0,WhatsApp Video 2026-09-09 at 11.23.28 AM.mp4,29,preprocessed\validation_5fps\normal\WhatsApp Video 2026-09-09 at 11.23.28 AM_seq_0029.npz,5,128,128,16
validation,normal,0,WhatsApp Video 2026-09-09 at 11.23.28 AM.mp4,30,preprocessed\validation_5fps\normal\WhatsApp Video 2026-09-09 at 11.23.28 AM_seq_0030.npz,5,128,128,16
validation,normal,0,WhatsApp Video 2026-09-09 at 11.23.28 AM.mp4,31,preprocessed\validation_5fps\normal\WhatsApp Video 2026-09-09 at 11.23.28 AM_seq_0031.npz,5,128,128,16
validation,normal,0,WhatsApp Video 2026-09-09 at 11.23.28 AM.mp4,32,preprocessed\validation_5fps\normal\WhatsApp Video 2026-09-09 at 11.23.28 AM_seq_0032.npz,5,128,128,16
validation,normal,0,WhatsApp Video 2026-09-09 at 11.23.28 AM.mp4,33,preprocessed\validation_5fps\normal\WhatsApp Video 2026-09-09 at 11.23.28 AM_seq_0033.npz,5,128,128,16
validation,normal,0,WhatsApp Video 2026-09-09 at 11.23.28 AM.mp4,34,preprocessed\validation_5fps\normal\WhatsApp Video 2026-09-09 at 11.23.28 AM_seq_0034.npz,5,128,128,16
validation,normal,0,WhatsApp Video 2026-09-09 at 11.23.28 AM.mp4,35,preprocessed\validation_5fps\normal\WhatsApp Video 2026-09-09 at 11.23.28 AM_seq_0035.npz,5,128,128,16
validation,normal,0,WhatsApp Video 2026-09-09 at 11.23.28 AM.mp4,36,preprocessed\validation_5fps\normal\WhatsApp Video 2026-09-09 at 11.23.28 AM_seq_0036.npz,5,128,128,16
validation,normal,0,WhatsApp Video 2026-09-09 at 11.23.28 AM.mp4,37,preprocessed\validation_5fps\normal\WhatsApp Video 2026-09-09 at 11.23.28 AM_seq_0037.npz,5,128,128,16
validation,normal,0,WhatsApp Video 2026-09-09 at 11.23.28 AM.mp4,38,preprocessed\validation_5fps\normal\WhatsApp Video 2026-09-09 at 11.23.28 AM_seq_0038.npz,5,128,128,16
validation,normal,0,WhatsApp Video 2026-09-09 at 11.23.28 AM.mp4,39,preprocessed\validation_5fps\normal\WhatsApp Video 2026-09-09 at 11.23.28 AM_seq_0039.npz,5,128,128,16
validation,normal,0,WhatsApp Video 2026-09-09 at 11.23.28 AM.mp4,40,preprocessed\validation_5fps\normal\WhatsApp Video 2026-09-09 at 11.23.28 AM_seq_0040.npz,5,128,128,16
validation,normal,0,WhatsApp Video 2026-09-09 at 11.23.28 AM.mp4,41,preprocessed\validation_5fps\normal\WhatsApp Video 2026-09-09 at 11.23.28 AM_seq_0041.npz,5,128,128,16
validation,normal,0,WhatsApp Video 2026-09-09 at 11.23.28 AM.mp4,42,preprocessed\validation_5fps\normal\WhatsApp Video 2026-09-09 at 11.23.28 AM_seq_0042.npz,5,128,128,16
validation,normal,0,WhatsApp Video 2026-09-09 at 11.23.28 AM.mp4,43,preprocessed\validation_5fps\normal\WhatsApp Video 2026-09-09 at 11.23.28 AM_seq_0043.npz,5,128,128,16
validation,normal,0,WhatsApp Video 2026-09-09 at 11.23.28 AM.mp4,44,preprocessed\validation_5fps\normal\WhatsApp Video 2026-09-09 at 11.23.28 AM_seq_0044.npz,5,128,128,16
validation,normal,0,WhatsApp Video 2026-09-09 at 11.23.28 AM.mp4,45,preprocessed\validation_5fps\normal\WhatsApp Video 2026-09-09 at 11.23.28 AM_seq_0045.npz,5,128,128,16
test,accident,1,WhatsApp Video 2026-09-08 at 3.17.06 PM (2).mp4,0,preprocessed\test_5fps\accident\WhatsApp Video 2026-09-08 at 3.17.06 PM (2)_seq_0000.npz,5,128,128,16
test,accident,1,WhatsApp Video 2026-09-08 at 3.17.06 PM.mp4,0,preprocessed\test_5fps\accident\WhatsApp Video 2026-09-08 at 3.17.06 PM_seq_0000.npz,5,128,128,16
test,accident,1,WhatsApp Video 2026-09-08 at 3.17.09 PM (2).mp4,0,preprocessed\test_5fps\accident\WhatsApp Video 2026-09-08 at 3.17.09 PM (2)_seq_0000.npz,5,128,128,16
test,accident,1,WhatsApp Video 2026-09-08 at 3.17.10 PM (1).mp4,0,preprocessed\test_5fps\accident\WhatsApp Video 2026-09-08 at 3.17.10 PM (1)_seq_0000.npz,5,128,128,16
test,accident,1,WhatsApp Video 2026-09-08 at 3.17.10 PM.mp4,0,preprocessed\test_5fps\accident\WhatsApp Video 2026-09-08 at 3.17.10 PM_seq_0000.npz,5,128,128,16
test,accident,1,WhatsApp Video 2026-09-08 at 3.17.11 PM.mp4,0,preprocessed\test_5fps\accident\WhatsApp Video 2026-09-08 at 3.17.11 PM_seq_0000.npz,5,128,128,16
test,accident,1,WhatsApp Video 2026-09-08 at 3.22.38 PM.mp4,0,preprocessed\test_5fps\accident\WhatsApp Video 2026-09-08 at 3.22.38 PM_seq_0000.npz,5,128,128,16
test,accident,1,WhatsApp Video 2026-09-08 at 3.22.38 PM.mp4,1,preprocessed\test_5fps\accident\WhatsApp Video 2026-09-08 at 3.22.38 PM_seq_0001.npz,5,128,128,16
test,accident,1,WhatsApp Video 2026-09-08 at 3.22.40 PM (1).mp4,0,preprocessed\test_5fps\accident\WhatsApp Video 2026-09-08 at 3.22.40 PM (1)_seq_0000.npz,5,128,128,16
test,accident,1,WhatsApp Video 2026-09-08 at 3.22.41 PM (2).mp4,0,preprocessed\test_5fps\accident\WhatsApp Video 2026-09-08 at 3.22.41 PM (2)_seq_0000.npz,5,128,128,16
test,accident,1,WhatsApp Video 2026-09-08 at 3.22.41 PM (2).mp4,1,preprocessed\test_5fps\accident\WhatsApp Video 2026-09-08 at 3.22.41 PM (2)_seq_0001.npz,5,128,128,16
test,accident,1,WhatsApp Video 2026-09-09 at 10.08.48 PM.mp4,0,preprocessed\test_5fps\accident\WhatsApp Video 2026-09-09 at 10.08.48 PM_seq_0000.npz,5,128,128,16
test,accident,1,WhatsApp Video 2026-09-09 at 10.21.42 PM.mp4,0,preprocessed\test_5fps\accident\WhatsApp Video 2026-09-09 at 10.21.42 PM_seq_0000.npz,5,128,128,16
test,accident,1,WhatsApp Video 2026-09-09 at 10.21.42 PM.mp4,1,preprocessed\test_5fps\accident\WhatsApp Video 2026-09-09 at 10.21.42 PM_seq_0001.npz,5,128,128,16
test,accident,1,WhatsApp Video 2026-09-09 at 9.59.59 PM (1).mp4,0,preprocessed\test_5fps\accident\WhatsApp Video 2026-09-09 at 9.59.59 PM (1)_seq_0000.npz,5,128,128,16
test,accident,1,WhatsApp Video 2026-09-09 at 9.59.59 PM (2).mp4,0,preprocessed\test_5fps\accident\WhatsApp Video 2026-09-09 at 9.59.59 PM (2)_seq_0000.npz,5,128,128,16
test,accident,1,WhatsApp Video 2026-09-09 at 9.59.59 PM (2).mp4,1,preprocessed\test_5fps\accident\WhatsApp Video 2026-09-09 at 9.59.59 PM (2)_seq_0001.npz,5,128,128,16
test,normal,0,WhatsApp Video 2026-09-08 at 9.34.35 PM.mp4,0,preprocessed\test_5fps\normal\WhatsApp Video 2026-09-08 at 9.34.35 PM_seq_0000.npz,5,128,128,16
test,normal,0,WhatsApp Video 2026-09-08 at 9.34.35 PM.mp4,1,preprocessed\test_5fps\normal\WhatsApp Video 2026-09-08 at 9.34.35 PM_seq_0001.npz,5,128,128,16
test,normal,0,WhatsApp Video 2026-09-08 at 9.34.35 PM.mp4,2,preprocessed\test_5fps\normal\WhatsApp Video 2026-09-08 at 9.34.35 PM_seq_0002.npz,5,128,128,16
test,normal,0,WhatsApp Video 2026-09-08 at 9.34.35 PM.mp4,3,preprocessed\test_5fps\normal\WhatsApp Video 2026-09-08 at 9.34.35 PM_seq_0003.npz,5,128,128,16
test,normal,0,WhatsApp Video 2026-09-08 at 9.36.31 PM.mp4,0,preprocessed\test_5fps\normal\WhatsApp Video 2026-09-08 at 9.36.31 PM_seq_0000.npz,5,128,128,16
test,normal,0,WhatsApp Video 2026-09-08 at 9.36.31 PM.mp4,1,preprocessed\test_5fps\normal\WhatsApp Video 2026-09-08 at 9.36.31 PM_seq_0001.npz,5,128,128,16
test,normal,0,WhatsApp Video 2026-09-08 at 9.36.31 PM.mp4,2,preprocessed\test_5fps\normal\WhatsApp Video 2026-09-08 at 9.36.31 PM_seq_0002.npz,5,128,128,16
test,normal,0,WhatsApp Video 2026-09-08 at 9.36.31 PM.mp4,3,preprocessed\test_5fps\normal\WhatsApp Video 2026-09-08 at 9.36.31 PM_seq_0003.npz,5,128,128,16
test,normal,0,WhatsApp Video 2026-09-09 at 11.19.48 AM.mp4,0,preprocessed\test_5fps\normal\WhatsApp Video 2026-09-09 at 11.19.48 AM_seq_0000.npz,5,128,128,16
test,normal,0,WhatsApp Video 2026-09-09 at 11.19.48 AM.mp4,1,preprocessed\test_5fps\normal\WhatsApp Video 2026-09-09 at 11.19.48 AM_seq_0001.npz,5,128,128,16
test,normal,0,WhatsApp Video 2026-09-09 at 11.19.48 AM.mp4,2,preprocessed\test_5fps\normal\WhatsApp Video 2026-09-09 at 11.19.48 AM_seq_0002.npz,5,128,128,16
test,normal,0,WhatsApp Video 2026-09-09 at 11.19.48 AM.mp4,3,preprocessed\test_5fps\normal\WhatsApp Video 2026-09-09 at 11.19.48 AM_seq_0003.npz,5,128,128,16
test,normal,0,WhatsApp Video 2026-09-09 at 11.20.02 AM.mp4,0,preprocessed\test_5fps\normal\WhatsApp Video 2026-09-09 at 11.20.02 AM_seq_0000.npz,5,128,128,16
test,normal,0,WhatsApp Video 2026-09-09 at 11.20.02 AM.mp4,1,preprocessed\test_5fps\normal\WhatsApp Video 2026-09-09 at 11.20.02 AM_seq_0001.npz,5,128,128,16
test,normal,0,WhatsApp Video 2026-09-09 at 11.20.02 AM.mp4,2,preprocessed\test_5fps\normal\WhatsApp Video 2026-09-09 at 11.20.02 AM_seq_0002.npz,5,128,128,16
test,normal,0,WhatsApp Video 2026-09-09 at 11.20.02 AM.mp4,3,preprocessed\test_5fps\normal\WhatsApp Video 2026-09-09 at 11.20.02 AM_seq_0003.npz,5,128,128,16
test,normal,0,WhatsApp Video 2026-09-09 at 11.20.02 AM.mp4,4,preprocessed\test_5fps\normal\WhatsApp Video 2026-09-09 at 11.20.02 AM_seq_0004.npz,5,128,128,16
test,normal,0,WhatsApp Video 2026-09-09 at 11.20.02 AM.mp4,5,preprocessed\test_5fps\normal\WhatsApp Video 2026-09-09 at 11.20.02 AM_seq_0005.npz,5,128,128,16
test,normal,0,WhatsApp Video 2026-09-09 at 11.20.18 AM.mp4,0,preprocessed\test_5fps\normal\WhatsApp Video 2026-09-09 at 11.20.18 AM_seq_0000.npz,5,128,128,16
test,normal,0,WhatsApp Video 2026-09-09 at 11.20.18 AM.mp4,1,preprocessed\test_5fps\normal\WhatsApp Video 2026-09-09 at 11.20.18 AM_seq_0001.npz,5,128,128,16
test,normal,0,WhatsApp Video 2026-09-09 at 11.20.18 AM.mp4,2,preprocessed\test_5fps\normal\WhatsApp Video 2026-09-09 at 11.20.18 AM_seq_0002.npz,5,128,128,16
test,normal,0,WhatsApp Video 2026-09-09 at 11.20.18 AM.mp4,3,preprocessed\test_5fps\normal\WhatsApp Video 2026-09-09 at 11.20.18 AM_seq_0003.npz,5,128,128,16
test,normal,0,WhatsApp Video 2026-09-09 at 11.20.18 AM.mp4,4,preprocessed\test_5fps\normal\WhatsApp Video 2026-09-09 at 11.20.18 AM_seq_0004.npz,5,128,128,16
test,normal,0,WhatsApp Video 2026-09-09 at 11.20.18 AM.mp4,5,preprocessed\test_5fps\normal\WhatsApp Video 2026-09-09 at 11.20.18 AM_seq_0005.npz,5,128,128,16
test,normal,0,WhatsApp Video 2026-09-09 at 11.20.42 AM.mp4,0,preprocessed\test_5fps\normal\WhatsApp Video 2026-09-09 at 11.20.42 AM_seq_0000.npz,5,128,128,16
test,normal,0,WhatsApp Video 2026-09-09 at 11.20.42 AM.mp4,1,preprocessed\test_5fps\normal\WhatsApp Video 2026-09-09 at 11.20.42 AM_seq_0001.npz,5,128,128,16
test,normal,0,WhatsApp Video 2026-09-09 at 11.20.42 AM.mp4,2,preprocessed\test_5fps\normal\WhatsApp Video 2026-09-09 at 11.20.42 AM_seq_0002.npz,5,128,128,16
test,normal,0,WhatsApp Video 2026-09-09 at 11.20.42 AM.mp4,3,preprocessed\test_5fps\normal\WhatsApp Video 2026-09-09 at 11.20.42 AM_seq_0003.npz,5,128,128,16
test,normal,0,WhatsApp Video 2026-09-09 at 11.20.42 AM.mp4,4,preprocessed\test_5fps\normal\WhatsApp Video 2026-09-09 at 11.20.42 AM_seq_0004.npz,5,128,128,16
test,normal,0,WhatsApp Video 2026-09-09 at 11.20.42 AM.mp4,5,preprocessed\test_5fps\normal\WhatsApp Video 2026-09-09 at 11.20.42 AM_seq_0005.npz,5,128,128,16
test,normal,0,WhatsApp Video 2026-09-09 at 11.21.10 AM.mp4,0,preprocessed\test_5fps\normal\WhatsApp Video 2026-09-09 at 11.21.10 AM_seq_0000.npz,5,128,128,16
test,normal,0,WhatsApp Video 2026-09-09 at 11.21.10 AM.mp4,1,preprocessed\test_5fps\normal\WhatsApp Video 2026-09-09 at 11.21.10 AM_seq_0001.npz,5,128,128,16
test,normal,0,WhatsApp Video 2026-09-09 at 11.21.10 AM.mp4,2,preprocessed\test_5fps\normal\WhatsApp Video 2026-09-09 at 11.21.10 AM_seq_0002.npz,5,128,128,16
test,normal,0,WhatsApp Video 2026-09-09 at 11.21.10 AM.mp4,3,preprocessed\test_5fps\normal\WhatsApp Video 2026-09-09 at 11.21.10 AM_seq_0003.npz,5,128,128,16
test,normal,0,WhatsApp Video 2026-09-09 at 11.21.10 AM.mp4,4,preprocessed\test_5fps\normal\WhatsApp Video 2026-09-09 at 11.21.10 AM_seq_0004.npz,5,128,128,16
test,normal,0,WhatsApp Video 2026-09-09 at 11.21.10 AM.mp4,5,preprocessed\test_5fps\normal\WhatsApp Video 2026-09-09 at 11.21.10 AM_seq_0005.npz,5,128,128,16
test,normal,0,WhatsApp Video 2026-09-09 at 11.21.33 AM.mp4,0,preprocessed\test_5fps\normal\WhatsApp Video 2026-09-09 at 11.21.33 AM_seq_0000.npz,5,128,128,16
test,normal,0,WhatsApp Video 2026-09-09 at 11.21.33 AM.mp4,1,preprocessed\test_5fps\normal\WhatsApp Video 2026-09-09 at 11.21.33 AM_seq_0001.npz,5,128,128,16
test,normal,0,WhatsApp Video 2026-09-09 at 11.21.33 AM.mp4,2,preprocessed\test_5fps\normal\WhatsApp Video 2026-09-09 at 11.21.33 AM_seq_0002.npz,5,128,128,16
test,normal,0,WhatsApp Video 2026-09-09 at 11.21.33 AM.mp4,3,preprocessed\test_5fps\normal\WhatsApp Video 2026-09-09 at 11.21.33 AM_seq_0003.npz,5,128,128,16
test,normal,0,WhatsApp Video 2026-09-09 at 11.21.33 AM.mp4,4,preprocessed\test_5fps\normal\WhatsApp Video 2026-09-09 at 11.21.33 AM_seq_0004.npz,5,128,128,16
test,normal,0,WhatsApp Video 2026-09-09 at 11.21.33 AM.mp4,5,preprocessed\test_5fps\normal\WhatsApp Video 2026-09-09 at 11.21.33 AM_seq_0005.npz,5,128,128,16
test,normal,0,WhatsApp Video 2026-09-09 at 11.22.00 AM.mp4,0,preprocessed\test_5fps\normal\WhatsApp Video 2026-09-09 at 11.22.00 AM_seq_0000.npz,5,128,128,16
test,normal,0,WhatsApp Video 2026-09-09 at 11.22.00 AM.mp4,1,preprocessed\test_5fps\normal\WhatsApp Video 2026-09-09 at 11.22.00 AM_seq_0001.npz,5,128,128,16
test,normal,0,WhatsApp Video 2026-09-09 at 11.22.00 AM.mp4,2,preprocessed\test_5fps\normal\WhatsApp Video 2026-09-09 at 11.22.00 AM_seq_0002.npz,5,128,128,16
test,normal,0,WhatsApp Video 2026-09-09 at 11.22.00 AM.mp4,3,preprocessed\test_5fps\normal\WhatsApp Video 2026-09-09 at 11.22.00 AM_seq_0003.npz,5,128,128,16
test,normal,0,WhatsApp Video 2026-09-09 at 11.22.00 AM.mp4,4,preprocessed\test_5fps\normal\WhatsApp Video 2026-09-09 at 11.22.00 AM_seq_0004.npz,5,128,128,16
test,normal,0,WhatsApp Video 2026-09-09 at 11.22.00 AM.mp4,5,preprocessed\test_5fps\normal\WhatsApp Video 2026-09-09 at 11.22.00 AM_seq_0005.npz,5,128,128,16
test,normal,0,WhatsApp Video 2026-09-09 at 11.22.04 AM.mp4,0,preprocessed\test_5fps\normal\WhatsApp Video 2026-09-09 at 11.22.04 AM_seq_0000.npz,5,128,128,16
test,normal,0,WhatsApp Video 2026-09-09 at 11.22.04 AM.mp4,1,preprocessed\test_5fps\normal\WhatsApp Video 2026-09-09 at 11.22.04 AM_seq_0001.npz,5,128,128,16
test,normal,0,WhatsApp Video 2026-09-09 at 11.22.04 AM.mp4,2,preprocessed\test_5fps\normal\WhatsApp Video 2026-09-09 at 11.22.04 AM_seq_0002.npz,5,128,128,16
test,normal,0,WhatsApp Video 2026-09-09 at 11.22.04 AM.mp4,3,preprocessed\test_5fps\normal\WhatsApp Video 2026-09-09 at 11.22.04 AM_seq_0003.npz,5,128,128,16
test,normal,0,WhatsApp Video 2026-09-09 at 11.22.04 AM.mp4,4,preprocessed\test_5fps\normal\WhatsApp Video 2026-09-09 at 11.22.04 AM_seq_0004.npz,5,128,128,16
test,normal,0,WhatsApp Video 2026-09-09 at 11.22.04 AM.mp4,5,preprocessed\test_5fps\normal\WhatsApp Video 2026-09-09 at 11.22.04 AM_seq_0005.npz,5,128,128,16
