filename,true_label,predicted_label,confidence,max_accident_probability,mean_accident_probability,timestamp_seconds,sequence_count,padded,inference_time_seconds
v1.mov,ACCIDENT,NORMAL,0.947334460914135,0.05266553908586502,0.02593692658202989,3.2,7,False,121.06949877738953
v10.mov,ACCIDENT,NORMAL,0.9499715939164162,0.05002840608358383,0.03367247246205807,0.0,3,False,10.949793577194214
v11.mov,ACCIDENT,NORMAL,0.8794194981455803,0.12058050185441971,0.06800402048975229,3.2,4,False,13.417221069335938
v12.mov,ACCIDENT,NORMAL,0.9453940279781818,0.05460597202181816,0.05121781677007675,3.2,2,False,8.040199518203735
v13.mov,ACCIDENT,NORMAL,0.9214605465531349,0.07853945344686508,0.054559040548545976,9.6,7,False,21.681889057159424
v14.mov,ACCIDENT,NORMAL,0.9078071415424347,0.09219285845756531,0.07293895073235035,0.0,2,False,6.601875066757202
v15.mov,ACCIDENT,NORMAL,0.9040958732366562,0.09590412676334381,0.042654519667848945,3.2,4,False,11.762112855911255
v16.mov,ACCIDENT,ACCIDENT,0.5176542401313782,0.5176542401313782,0.3787423074245453,3.2,5,False,15.298545122146606
v18.mov,ACCIDENT,NORMAL,0.8943854197859764,0.10561458021402359,0.0928429439663887,0.0,2,False,6.699952840805054
v19.mov,ACCIDENT,NORMAL,0.7702981978654861,0.22970180213451385,0.22970180213451385,0.0,1,False,5.007313966751099
v2.mov,ACCIDENT,NORMAL,0.7699107229709625,0.23008927702903748,0.23008927702903748,0.0,1,False,4.88923454284668
v20.mov,ACCIDENT,NORMAL,0.7178077399730682,0.28219226002693176,0.17298602499067783,9.6,4,False,9.691207885742188
v21.mov,ACCIDENT,ACCIDENT,0.8030708432197571,0.8030708432197571,0.37422496676445005,6.4,5,False,12.449225664138794
v22.mov,ACCIDENT,NORMAL,0.879130095243454,0.12086990475654602,0.1153213120996952,3.2,2,False,5.723740339279175
v23.mov,ACCIDENT,NORMAL,0.8475580215454102,0.15244197845458984,0.13578888277212778,0.0,3,False,7.172391891479492
v24.mov,ACCIDENT,NORMAL,0.7719482779502869,0.22805172204971313,0.1808253601193428,3.2,2,False,6.335526704788208
v25.mov,ACCIDENT,NORMAL,0.968276422470808,0.03172357752919197,0.025495816487818956,0.0,4,False,10.344236850738525
v26.mov,ACCIDENT,NORMAL,0.704851508140564,0.29514849185943604,0.15688938399155936,6.4,3,False,7.838453531265259
v27.mov,ACCIDENT,NORMAL,0.635348379611969,0.364651620388031,0.3429949680964152,3.2,3,False,7.487430572509766
v28.mov,ACCIDENT,NORMAL,0.9869924457743764,0.013007554225623608,0.00938265840522945,3.2,2,False,5.284333229064941
v29.mov,ACCIDENT,NORMAL,0.8181163519620895,0.18188364803791046,0.07321379985660315,9.6,4,False,10.112314224243164
v3.mov,ACCIDENT,NORMAL,0.920900508761406,0.07909949123859406,0.046990860253572464,6.4,4,False,11.955008268356323
v30.mov,ACCIDENT,NORMAL,0.6015039682388306,0.39849603176116943,0.30140876131398336,6.4,7,False,18.928990125656128
v31.mov,ACCIDENT,NORMAL,0.9092961996793747,0.0907038003206253,0.07458714954555035,0.0,2,False,6.081581115722656
v32.mov,ACCIDENT,NORMAL,0.816587507724762,0.18341249227523804,0.11393786408007145,0.0,4,False,8.512458324432373
v33.mov,ACCIDENT,NORMAL,0.9820689335465431,0.01793106645345688,0.01793106645345688,0.0,1,False,3.9173219203948975
v34.mov,ACCIDENT,NORMAL,0.9840857610106468,0.01591423898935318,0.01591423898935318,0.0,1,False,3.704867362976074
v35.mov,ACCIDENT,NORMAL,0.7069600522518158,0.2930399477481842,0.2930399477481842,0.0,1,True,2.9966821670532227
v36.mov,ACCIDENT,NORMAL,0.9634335525333881,0.03656644746661186,0.03656644746661186,0.0,1,False,5.24072527885437
v37.mov,ACCIDENT,NORMAL,0.7718048989772797,0.22819510102272034,0.22819510102272034,0.0,1,False,3.8736116886138916
v38.mov,ACCIDENT,NORMAL,0.9313191324472427,0.06868086755275726,0.06868086755275726,0.0,1,False,4.7284862995147705
v39.mov,ACCIDENT,NORMAL,0.9830759204924107,0.01692407950758934,0.01692407950758934,0.0,1,False,3.533130407333374
v4.mov,ACCIDENT,NORMAL,0.9041241034865379,0.09587589651346207,0.06934684701263905,3.2,2,False,8.443648338317871
v40.mov,ACCIDENT,NORMAL,0.9615054540336132,0.038494545966386795,0.038494545966386795,0.0,1,False,4.602017164230347
v41.mov,ACCIDENT,ACCIDENT,0.7648895382881165,0.7648895382881165,0.3413049192591147,6.4,11,False,29.837503671646118
v42.mov,ACCIDENT,NORMAL,0.6008911430835724,0.3991088569164276,0.3858635872602463,3.2,2,False,2.3368611335754395
v43.mov,ACCIDENT,NORMAL,0.955677043646574,0.04432295635342598,0.027873242273926735,0.0,3,False,8.596355676651001
v44.mov,ACCIDENT,NORMAL,0.5960732996463776,0.40392670035362244,0.35062242547671,6.4,3,False,8.853394269943237
v45.mov,ACCIDENT,NORMAL,0.7137317359447479,0.2862682640552521,0.1677521194020907,3.2,3,False,8.967017650604248
v46.mov,ACCIDENT,NORMAL,0.922714926302433,0.07728507369756699,0.06804939731955528,0.0,2,False,4.458375692367554
v47.mov,ACCIDENT,NORMAL,0.9689703285694122,0.03102967143058777,0.030292516574263573,0.0,2,False,6.029189586639404
v48.mov,ACCIDENT,ACCIDENT,0.5797697305679321,0.5797697305679321,0.4614875713984172,0.0,3,False,8.847782373428345
v49.mov,ACCIDENT,NORMAL,0.7913303822278976,0.20866961777210236,0.16953843335310617,0.0,3,False,7.928490877151489
v5.mov,ACCIDENT,ACCIDENT,0.649079442024231,0.649079442024231,0.5105803509553274,3.2,3,False,8.498332262039185
v50.mov,ACCIDENT,NORMAL,0.9168152138590813,0.08318478614091873,0.042179771885275844,3.2,5,False,12.311906337738037
v51.mov,ACCIDENT,NORMAL,0.9806490335613489,0.019350966438651085,0.01685333779702584,3.2,3,False,8.918347358703613
v6.mov,ACCIDENT,NORMAL,0.7845318615436554,0.2154681384563446,0.1099990817407767,0.0,3,False,9.761212587356567
v7.mov,ACCIDENT,NORMAL,0.9695282001048326,0.03047179989516735,0.02794000171124935,9.6,5,False,14.973212480545044
v8.mov,ACCIDENT,NORMAL,0.8804358094930649,0.11956419050693512,0.10137083381414413,3.2,2,False,6.953758001327515
v9.mov,ACCIDENT,NORMAL,0.9125838652253151,0.0874161347746849,0.06228438951075077,0.0,2,False,7.201422929763794
v1.mov,NORMAL,NORMAL,0.9472173787653446,0.05278262123465538,0.030820990912616253,3.2,4,False,12.25666069984436
v10.mov,NORMAL,NORMAL,0.9419850260019302,0.05801497399806976,0.05801497399806976,0.0,1,False,5.300576210021973
v11.mov,NORMAL,NORMAL,0.9581210054457188,0.041878994554281235,0.041878994554281235,0.0,1,False,3.9709904193878174
v12.mov,NORMAL,NORMAL,0.9263935685157776,0.07360643148422241,0.07360643148422241,0.0,1,True,2.850431442260742
v13.mov,NORMAL,NORMAL,0.972507294267416,0.027492705732584,0.027492705732584,0.0,1,False,4.435946464538574
v14.mov,NORMAL,NORMAL,0.9056579768657684,0.09434202313423157,0.09434202313423157,0.0,1,False,4.281384468078613
v15.mov,NORMAL,NORMAL,0.9674361646175385,0.03256383538246155,0.03256383538246155,0.0,1,False,4.580855131149292
v16.mov,NORMAL,ACCIDENT,0.6741281747817993,0.6741281747817993,0.6741281747817993,0.0,1,True,2.0351181030273438
v18.mov,NORMAL,NORMAL,0.8903911039233208,0.10960889607667923,0.10960889607667923,0.0,1,False,3.75492000579834
v19.mov,NORMAL,NORMAL,0.6747960448265076,0.32520395517349243,0.32520395517349243,0.0,1,True,2.4314661026000977
v2.mov,NORMAL,NORMAL,0.7499919533729553,0.2500080466270447,0.2500080466270447,0.0,1,True,3.4988317489624023
v20.mov,NORMAL,NORMAL,0.7761276960372925,0.22387230396270752,0.22387230396270752,0.0,1,False,4.964425086975098
v21.mov,NORMAL,ACCIDENT,0.8200246095657349,0.8200246095657349,0.5072276517748833,6.4,3,False,9.605528831481934
v22.mov,NORMAL,NORMAL,0.9171843826770782,0.08281561732292175,0.08281561732292175,0.0,1,True,3.507169723510742
v23.mov,NORMAL,NORMAL,0.8537078499794006,0.14629215002059937,0.14629215002059937,0.0,1,False,5.281453847885132
v24.mov,NORMAL,NORMAL,0.8423178344964981,0.1576821655035019,0.1576821655035019,0.0,1,True,3.9435555934906006
v25.mov,NORMAL,NORMAL,0.9682076647877693,0.03179233521223068,0.0315332543104887,0.0,2,False,7.488907814025879
v26.mov,NORMAL,NORMAL,0.9131361618638039,0.08686383813619614,0.08686383813619614,0.0,1,False,5.9150800704956055
v27.mov,NORMAL,NORMAL,0.6830181777477264,0.31698182225227356,0.31698182225227356,0.0,1,False,5.398823976516724
v28.mov,NORMAL,NORMAL,0.962745875120163,0.037254124879837036,0.037254124879837036,0.0,1,True,3.3040432929992676
v29.mov,NORMAL,NORMAL,0.9646668396890163,0.03533316031098366,0.02948121540248394,0.0,2,False,7.879170894622803
v3.mov,NORMAL,NORMAL,0.9607647657394409,0.03923523426055908,0.03923523426055908,0.0,1,False,7.70256495475769
v30.mov,NORMAL,NORMAL,0.6027157604694366,0.39728423953056335,0.32262064814567565,6.4,5,False,17.397843837738037
v31.mov,NORMAL,NORMAL,0.8620148450136185,0.13798515498638153,0.13798515498638153,0.0,1,True,3.4345388412475586
v32.mov,NORMAL,NORMAL,0.8096715658903122,0.1903284341096878,0.1903284341096878,0.0,1,False,4.761193752288818
v33.mov,NORMAL,NORMAL,0.9700558371841908,0.02994416281580925,0.02994416281580925,0.0,1,True,2.2918248176574707
v34.mov,NORMAL,NORMAL,0.9857389274984598,0.014261072501540184,0.014261072501540184,0.0,1,True,2.584050416946411
v35.mov,NORMAL,NORMAL,0.7554085999727249,0.24459140002727509,0.24459140002727509,0.0,1,True,2.393209218978882
v36.mov,NORMAL,NORMAL,0.9411671496927738,0.05883285030722618,0.05883285030722618,0.0,1,True,4.4941487312316895
v37.mov,NORMAL,NORMAL,0.7275042831897736,0.27249571681022644,0.27249571681022644,0.0,1,True,4.058873653411865
v38.mov,NORMAL,NORMAL,0.9388653710484505,0.06113462895154953,0.06113462895154953,0.0,1,False,3.736922264099121
v39.mov,NORMAL,NORMAL,0.977498821914196,0.022501178085803986,0.022501178085803986,0.0,1,True,2.7240850925445557
v4(1).mov,NORMAL,NORMAL,0.9789753258228302,0.0210246741771698,0.0210246741771698,0.0,1,True,2.8141915798187256
v4.mov,NORMAL,NORMAL,0.9789753258228302,0.0210246741771698,0.0210246741771698,0.0,1,True,2.8603999614715576
v40.mov,NORMAL,NORMAL,0.9621047377586365,0.037895262241363525,0.037895262241363525,0.0,1,False,8.419921159744263
v41.mov,NORMAL,ACCIDENT,0.7633950710296631,0.7633950710296631,0.6409035921096802,6.4,4,False,13.26051640510559
v42.mov,NORMAL,NORMAL,0.7483314871788025,0.2516685128211975,0.2516685128211975,0.0,1,True,1.7323875427246094
v43.mov,NORMAL,NORMAL,0.9542752467095852,0.04572475329041481,0.04572475329041481,0.0,1,False,5.218461036682129
v44.mov,NORMAL,NORMAL,0.6238482892513275,0.3761517107486725,0.3761517107486725,0.0,1,True,2.9762203693389893
v46.mov,NORMAL,NORMAL,0.8659891188144684,0.13401088118553162,0.13401088118553162,0.0,1,False,3.770484447479248
v47.mov,NORMAL,NORMAL,0.967863030731678,0.03213696926832199,0.03213696926832199,0.0,1,False,3.6174988746643066
v48.mov,NORMAL,ACCIDENT,0.6454418897628784,0.6454418897628784,0.6454418897628784,0.0,1,True,3.810948610305786
v49.mov,NORMAL,NORMAL,0.7895557582378387,0.21044424176216125,0.21044424176216125,0.0,1,False,4.348041534423828
v5.mov,NORMAL,ACCIDENT,0.49309808015823364,0.49309808015823364,0.49309808015823364,0.0,1,True,3.9679722785949707
v50.mov,NORMAL,NORMAL,0.9177137464284897,0.08228625357151031,0.0646971333771944,3.2,2,False,7.204362154006958
v51.mov,NORMAL,NORMAL,0.981713067740202,0.01828693225979805,0.01828693225979805,0.0,1,False,5.393921613693237
v6.mov,NORMAL,NORMAL,0.9470888264477253,0.052911173552274704,0.052911173552274704,0.0,1,True,3.557210683822632
v7.mov,NORMAL,NORMAL,0.9784412942826748,0.02155870571732521,0.02155870571732521,0.0,1,False,4.9960713386535645
v8.mov,NORMAL,NORMAL,0.9305271431803703,0.06947285681962967,0.06947285681962967,0.0,1,True,3.6683568954467773
v9.mov,NORMAL,NORMAL,0.9288312941789627,0.07116870582103729,0.07116870582103729,0.0,1,False,4.878641128540039
