video,true_label,prediction,confidence,accident_probability,timestamp_sec,sequence_count,inference_time_sec
v1.mov,ACCIDENT,NORMAL,0.9135942906141281,0.08640570938587189,12.8,14,21.657108068466187
v10.mov,ACCIDENT,ACCIDENT,0.7924813628196716,0.7924813628196716,8.0,7,20.782413959503174
v11.mov,ACCIDENT,ACCIDENT,0.8623087406158447,0.8623087406158447,4.8,9,1.514535665512085
v12.mov,ACCIDENT,NORMAL,0.8551065176725388,0.14489348232746124,0.0,5,0.9071946144104004
v13.mov,ACCIDENT,ACCIDENT,0.565624475479126,0.565624475479126,6.4,15,2.4433212280273438
v14.mov,ACCIDENT,NORMAL,0.5396640002727509,0.46033599972724915,0.0,4,0.8354735374450684
v15.mov,ACCIDENT,NORMAL,0.9469531662762165,0.05304683372378349,0.0,8,1.3211584091186523
v16.mov,ACCIDENT,ACCIDENT,0.9728835821151733,0.9728835821151733,11.2,10,1.705674648284912
v18.mov,ACCIDENT,ACCIDENT,0.5354708433151245,0.5354708433151245,4.8,4,0.7050974369049072
v19.mov,ACCIDENT,NORMAL,0.7861271351575851,0.21387286484241486,0.0,2,0.3788611888885498
v2.mov,ACCIDENT,NORMAL,0.7535237818956375,0.2464762181043625,0.0,2,0.38006043434143066
v20.mov,ACCIDENT,ACCIDENT,0.641586184501648,0.641586184501648,9.6,8,1.2514543533325195
v21.mov,ACCIDENT,ACCIDENT,0.9158066511154175,0.9158066511154175,0.0,10,1.673755407333374
v22.mov,ACCIDENT,NORMAL,0.7512180507183075,0.2487819492816925,3.2,4,0.6900413036346436
v23.mov,ACCIDENT,NORMAL,0.6242319643497467,0.3757680356502533,4.8,5,0.9476935863494873
v24.mov,ACCIDENT,NORMAL,0.8758129477500916,0.12418705224990845,0.0,5,0.8533024787902832
v25.mov,ACCIDENT,NORMAL,0.9784189481288195,0.021581051871180534,12.8,9,1.569014310836792
v26.mov,ACCIDENT,ACCIDENT,0.7460881471633911,0.7460881471633911,4.8,6,1.0538370609283447
v27.mov,ACCIDENT,NORMAL,0.8190659582614899,0.18093404173851013,0.0,5,0.8149631023406982
v28.mov,ACCIDENT,NORMAL,0.7954544872045517,0.2045455127954483,0.0,3,0.5337390899658203
v29.mov,ACCIDENT,ACCIDENT,0.8060270547866821,0.8060270547866821,8.0,8,1.2839653491973877
v3.mov,ACCIDENT,NORMAL,0.6671432852745056,0.3328567147254944,6.4,8,1.2504703998565674
v30.mov,ACCIDENT,ACCIDENT,0.8175005912780762,0.8175005912780762,12.8,14,2.1397969722747803
v31.mov,ACCIDENT,NORMAL,0.9451570548117161,0.05484294518828392,1.6,4,0.6983985900878906
v32.mov,ACCIDENT,ACCIDENT,0.9415922164916992,0.9415922164916992,3.2,8,1.265592098236084
v33.mov,ACCIDENT,NORMAL,0.8139050602912903,0.18609493970870972,1.6,2,0.37410426139831543
v34.mov,ACCIDENT,NORMAL,0.8609635084867477,0.13903649151325226,0.0,2,0.3775644302368164
v35.mov,ACCIDENT,ACCIDENT,0.7860771417617798,0.7860771417617798,0.0,1,0.24013447761535645
v36.mov,ACCIDENT,ACCIDENT,0.7681918740272522,0.7681918740272522,1.6,3,0.5211539268493652
v37.mov,ACCIDENT,NORMAL,0.8554789125919342,0.1445210874080658,1.6,3,0.5235025882720947
v38.mov,ACCIDENT,NORMAL,0.5368455946445465,0.4631544053554535,3.2,3,0.5024368762969971
v39.mov,ACCIDENT,ACCIDENT,0.6255998611450195,0.6255998611450195,1.6,2,0.37705302238464355
v4.mov,ACCIDENT,NORMAL,0.6191273629665375,0.3808726370334625,1.6,5,0.8040995597839355
v40.mov,ACCIDENT,ACCIDENT,0.6018714904785156,0.6018714904785156,1.6,3,0.532700777053833
v41.mov,ACCIDENT,ACCIDENT,0.925023078918457,0.925023078918457,33.6,22,3.3745203018188477
v42.mov,ACCIDENT,NORMAL,0.7288289368152618,0.27117106318473816,3.2,3,0.5608797073364258
v43.mov,ACCIDENT,NORMAL,0.8149761259555817,0.18502387404441833,0.0,7,1.101792335510254
v44.mov,ACCIDENT,NORMAL,0.8297159224748611,0.17028407752513885,0.0,7,1.1018636226654053
v45.mov,ACCIDENT,ACCIDENT,0.8326618075370789,0.8326618075370789,3.2,7,1.124007225036621
v46.mov,ACCIDENT,ACCIDENT,0.6091405153274536,0.6091405153274536,1.6,4,0.6577286720275879
v47.mov,ACCIDENT,NORMAL,0.6530832350254059,0.3469167649745941,1.6,5,0.8100686073303223
v48.mov,ACCIDENT,ACCIDENT,0.9193758368492126,0.9193758368492126,9.6,7,1.146406650543213
v49.mov,ACCIDENT,ACCIDENT,0.7825114130973816,0.7825114130973816,4.8,6,0.9573557376861572
v5.mov,ACCIDENT,ACCIDENT,0.8637606501579285,0.8637606501579285,1.6,6,0.965423583984375
v50.mov,ACCIDENT,ACCIDENT,0.8614305853843689,0.8614305853843689,3.2,9,1.4022881984710693
v51.mov,ACCIDENT,NORMAL,0.8165833801031113,0.18341661989688873,0.0,6,1.062166452407837
v6.mov,ACCIDENT,NORMAL,0.745148092508316,0.25485190749168396,1.6,7,3.0091476440429688
v7.mov,ACCIDENT,NORMAL,0.8727792352437973,0.1272207647562027,0.0,10,2.0850729942321777
v8.mov,ACCIDENT,NORMAL,0.7567481994628906,0.24325180053710938,0.0,4,0.8277344703674316
v9.mov,ACCIDENT,NORMAL,0.546987384557724,0.453012615442276,3.2,4,0.7212543487548828
v1.mov,NORMAL,NORMAL,0.9135943055152893,0.0864056944847107,12.8,9,1.5282809734344482
v10.mov,NORMAL,ACCIDENT,0.5981787443161011,0.5981787443161011,3.2,3,0.5652623176574707
v11.mov,NORMAL,ACCIDENT,0.5544089078903198,0.5544089078903198,1.6,2,0.42677760124206543
v12.mov,NORMAL,NORMAL,0.8551061004400253,0.14489389955997467,0.0,1,0.24734973907470703
v13.mov,NORMAL,NORMAL,0.5201514661312103,0.4798485338687897,0.0,2,0.418609619140625
v14.mov,NORMAL,NORMAL,0.5396640300750732,0.46033596992492676,0.0,2,0.3884849548339844
v15.mov,NORMAL,NORMAL,0.946953184902668,0.053046815097332,0.0,3,0.5159270763397217
v16.mov,NORMAL,TOO_SHORT,,,,0,0.0
v18.mov,NORMAL,NORMAL,0.9357656762003899,0.06423432379961014,0.0,2,0.4359250068664551
v19.mov,NORMAL,TOO_SHORT,,,,0,0.0
v2.mov,NORMAL,NORMAL,0.7535239607095718,0.24647603929042816,0.0,1,0.22725462913513184
v20.mov,NORMAL,ACCIDENT,0.5578024387359619,0.5578024387359619,0.0,3,0.5549259185791016
v21.mov,NORMAL,ACCIDENT,0.9158066511154175,0.9158066511154175,0.0,6,1.023756742477417
v22.mov,NORMAL,NORMAL,0.9143465980887413,0.0856534019112587,0.0,1,0.2257556915283203
v23.mov,NORMAL,NORMAL,0.657679408788681,0.34232059121131897,0.0,2,0.3953831195831299
v24.mov,NORMAL,NORMAL,0.8758129924535751,0.12418700754642487,0.0,1,0.24231338500976562
v25.mov,NORMAL,NORMAL,0.9819887541234493,0.018011245876550674,1.6,4,0.709392786026001
v26.mov,NORMAL,ACCIDENT,0.7186708450317383,0.7186708450317383,3.2,3,0.5270707607269287
v27.mov,NORMAL,NORMAL,0.8318303823471069,0.16816961765289307,0.0,2,0.37773704528808594
v28.mov,NORMAL,NORMAL,0.8265158087015152,0.1734841912984848,0.0,1,0.21834301948547363
v29.mov,NORMAL,NORMAL,0.6754783391952515,0.32452166080474854,1.6,3,0.51544189453125
v3.mov,NORMAL,NORMAL,0.8953028991818428,0.1046971008181572,3.2,3,0.5412440299987793
v30.mov,NORMAL,ACCIDENT,0.8175005912780762,0.8175005912780762,12.8,10,1.6466524600982666
v31.mov,NORMAL,TOO_SHORT,,,,0,0.0
v32.mov,NORMAL,ACCIDENT,0.9415922164916992,0.9415922164916992,3.2,3,0.560377836227417
v33.mov,NORMAL,TOO_SHORT,,,,0,0.0
v34.mov,NORMAL,NORMAL,0.8609639704227448,0.13903602957725525,0.0,1,0.2627899646759033
v35.mov,NORMAL,TOO_SHORT,,,,0,0.0
v36.mov,NORMAL,NORMAL,0.8312098979949951,0.16879010200500488,0.0,1,0.2298591136932373
v37.mov,NORMAL,NORMAL,0.9125997200608253,0.08740027993917465,1.6,2,0.4187617301940918
v38.mov,NORMAL,NORMAL,0.6508109271526337,0.34918907284736633,1.6,2,0.3972134590148926
v39.mov,NORMAL,NORMAL,0.731669694185257,0.26833030581474304,0.0,1,0.2140507698059082
v4(1).mov,NORMAL,TOO_SHORT,,,,0,0.0
v4.mov,NORMAL,TOO_SHORT,,,,0,0.0
v40.mov,NORMAL,ACCIDENT,0.6018714904785156,0.6018714904785156,1.6,2,0.37536072731018066
v41.mov,NORMAL,ACCIDENT,0.5794562697410583,0.5794562697410583,11.2,9,1.378998041152954
v42.mov,NORMAL,TOO_SHORT,,,,0,0.0
v43.mov,NORMAL,NORMAL,0.8149761408567429,0.18502385914325714,0.0,3,0.5166378021240234
v44.mov,NORMAL,NORMAL,0.8238093852996826,0.17619061470031738,0.0,1,0.24564051628112793
v46.mov,NORMAL,ACCIDENT,0.777841329574585,0.777841329574585,0.0,2,0.39116740226745605
v47.mov,NORMAL,NORMAL,0.653083086013794,0.34691691398620605,1.6,2,0.43762826919555664
v48.mov,NORMAL,ACCIDENT,0.8844151496887207,0.8844151496887207,0.0,1,0.22468161582946777
v49.mov,NORMAL,ACCIDENT,0.6263582110404968,0.6263582110404968,0.0,2,0.3601646423339844
v5.mov,NORMAL,ACCIDENT,0.8235528469085693,0.8235528469085693,0.0,1,0.2416069507598877
v50.mov,NORMAL,ACCIDENT,0.8614305853843689,0.8614305853843689,3.2,4,0.8452374935150146
v51.mov,NORMAL,NORMAL,0.8165833801031113,0.18341661989688873,0.0,2,0.41338419914245605
v6.mov,NORMAL,NORMAL,0.8616763204336166,0.13832367956638336,0.0,1,0.2353222370147705
v7.mov,NORMAL,NORMAL,0.8727792352437973,0.1272207647562027,0.0,2,0.4318351745605469
v8.mov,NORMAL,NORMAL,0.7567480206489563,0.2432519793510437,0.0,1,0.22418427467346191
v9.mov,NORMAL,NORMAL,0.9248360395431519,0.07516396045684814,1.6,2,0.3927786350250244
